timestamp,accX,accY,accZ,gyroX,gyroY,gyroZ,label
2024-11-06 17:26:01,-1.22,-8.07,0.20,0.03,-0.03,-0.00,in movimento
2024-11-06 17:26:01,-1.16,-8.04,0.20,0.00,-0.03,-0.00,in movimento
2024-11-06 17:26:01,-1.15,-8.06,0.14,0.00,0.00,-0.00,in movimento
2024-11-06 17:26:01,-1.19,-8.16,0.14,0.03,0.07,-0.00,in movimento
2024-11-06 17:26:01,-1.29,-7.97,0.12,0.03,0.07,-0.00,in movimento
2024-11-06 17:26:01,-1.52,-7.81,0.08,0.03,0.03,0.03,in movimento
2024-11-06 17:26:01,-2.08,-7.47,0.08,0.03,0.03,0.03,in movimento
2024-11-06 17:26:01,-2.02,-7.09,0.14,0.10,0.07,0.03,in movimento
2024-11-06 17:26:01,-1.87,-6.77,0.24,0.10,0.07,-0.00,in movimento
2024-11-06 17:26:01,-1.68,-6.51,0.27,0.07,0.00,-0.00,in movimento
2024-11-06 17:26:01,-1.58,-6.34,0.21,0.07,-0.03,-0.00,in movimento
2024-11-06 17:26:01,-1.61,-6.28,0.24,0.10,0.03,-0.00,in movimento
2024-11-06 17:26:01,-1.71,-6.33,0.27,0.10,0.07,-0.00,in movimento
2024-11-06 17:26:01,-1.55,-6.14,0.28,0.10,0.03,-0.00,in movimento
2024-11-06 17:26:01,-1.46,-6.15,0.30,0.03,-0.03,-0.00,in movimento
2024-11-06 17:26:01,-1.34,-6.19,0.26,0.03,-0.10,-0.00,in movimento
2024-11-06 17:26:01,-1.31,-6.09,0.31,0.07,-0.03,-0.00,in movimento
2024-11-06 17:26:01,-1.41,-6.02,0.26,0.10,0.03,-0.00,in movimento
2024-11-06 17:26:01,-1.59,-5.74,0.13,0.03,0.03,-0.00,in movimento
2024-11-06 17:26:01,-1.45,-5.64,0.18,0.00,0.00,-0.00,in movimento
2024-11-06 17:26:01,-1.34,-5.45,0.04,0.00,-0.07,-0.00,in movimento
2024-11-06 17:26:01,-1.34,-5.50,0.20,0.03,-0.10,-0.00,in movimento
2024-11-06 17:26:01,-1.28,-4.97,0.51,0.07,-0.10,-0.00,in movimento
2024-11-06 17:26:01,-1.88,-3.86,1.59,0.00,-0.17,0.13,in movimento
2024-11-06 17:26:01,-2.83,-3.13,4.00,-0.50,-0.20,0.07,in movimento
2024-11-06 17:26:01,-3.21,-2.47,5.75,-1.27,-0.20,-0.17,in movimento
2024-11-06 17:26:01,-3.24,-3.30,6.94,-1.93,-0.27,-0.10,in movimento
2024-11-06 17:26:01,-2.74,-3.37,7.02,-1.87,-0.30,-0.10,in movimento
2024-11-06 17:26:01,-2.28,-1.41,8.45,-2.30,0.23,0.10,in movimento
2024-11-06 17:26:01,-2.60,-2.94,9.82,-3.33,0.20,0.27,in movimento
2024-11-06 17:26:01,-2.86,-2.84,9.77,-3.80,0.60,0.63,in movimento
2024-11-06 17:26:02,-2.94,-1.68,8.10,-4.03,0.90,0.47,in movimento
2024-11-06 17:26:02,-3.89,-1.61,5.23,-4.43,0.87,0.33,in movimento
2024-11-06 17:26:02,-4.37,-1.18,3.95,-4.60,0.23,0.53,in movimento
2024-11-06 17:26:02,-4.22,-1.38,4.29,-4.27,-0.43,0.17,in movimento
2024-11-06 17:26:02,-3.67,-2.08,2.25,-3.93,-0.40,-0.33,in movimento
2024-11-06 17:26:02,-4.61,-1.91,2.15,-3.33,-0.57,-0.93,in movimento
2024-11-06 17:26:02,-3.73,-2.99,2.48,-2.77,-1.67,-1.43,in movimento
2024-11-06 17:26:02,-1.47,-4.33,2.45,-2.13,-1.80,-1.63,in movimento
2024-11-06 17:26:02,-1.04,-5.34,1.60,-1.77,-0.57,-1.93,in movimento
2024-11-06 17:26:02,-3.22,-6.09,1.23,-2.50,0.10,-1.53,in movimento
2024-11-06 17:26:02,-2.71,-7.29,-0.14,-2.87,0.00,-0.93,in movimento
2024-11-06 17:26:02,-2.81,-6.92,-2.18,-2.90,0.20,-0.53,in movimento
2024-11-06 17:26:02,-4.32,-6.97,-3.11,-3.10,0.50,-0.47,in movimento
2024-11-06 17:26:02,-5.53,-6.92,-4.19,-3.20,0.57,-0.30,in movimento
2024-11-06 17:26:02,-7.56,-6.79,-4.69,-2.83,0.67,-0.07,in movimento
2024-11-06 17:26:02,-8.21,-6.03,-2.31,-2.43,0.23,-0.03,in movimento
2024-11-06 17:26:02,-7.70,-5.71,-1.67,-2.13,-0.03,-0.23,in movimento
2024-11-06 17:26:02,Stop,,,,,,
2024-11-06 17:26:03,-8.41,-5.32,-1.48,-1.83,0.20,-0.17,in movimento
2024-11-06 17:26:03,Start,,,,,,
2024-11-06 17:26:03,-9.65,-4.62,-1.00,-1.67,0.10,-0.10,in movimento
2024-11-06 17:26:03,-8.96,-4.97,-1.13,-1.50,-0.03,-0.03,in movimento
2024-11-06 17:26:03,-8.71,-4.11,-0.30,-0.83,0.27,0.03,in movimento
2024-11-06 17:26:03,-9.65,-3.25,-0.89,-0.70,0.20,0.10,in movimento
2024-11-06 17:26:03,-9.10,-2.85,-0.32,-0.83,-0.17,0.13,in movimento
2024-11-06 17:26:03,-8.32,-3.06,-0.10,-0.67,-0.10,0.13,in movimento
2024-11-06 17:26:03,-8.40,-2.50,-0.01,-0.20,0.07,0.13,in movimento
2024-11-06 17:26:03,-8.43,-1.45,-0.06,0.00,0.00,-0.00,in movimento
2024-11-06 17:26:03,-8.20,-1.42,-0.23,-0.07,-0.13,-0.17,in movimento
2024-11-06 17:26:03,-7.66,-1.10,-0.16,-0.03,-0.17,-0.13,in movimento
2024-11-06 17:26:03,-6.88,-1.03,-0.19,0.10,-0.07,-0.10,in movimento
2024-11-06 17:26:03,-7.14,-1.03,-0.23,0.27,0.00,-0.07,in movimento
2024-11-06 17:26:03,-7.64,-0.66,-0.20,0.27,-0.13,-0.03,in movimento
2024-11-06 17:26:03,-8.14,-0.13,-0.08,0.13,-0.40,-0.07,in movimento
2024-11-06 17:26:03,-7.02,-0.35,-0.12,-0.07,-0.13,-0.13,in movimento
2024-11-06 17:26:03,-7.29,-0.18,-0.09,0.20,0.13,-0.20,in movimento
2024-11-06 17:26:03,-6.80,-0.66,-0.17,0.27,-0.17,-0.30,in movimento
2024-11-06 17:26:03,-6.95,-0.90,-0.24,0.47,-0.40,-0.07,in movimento
2024-11-06 17:26:03,-6.34,-0.95,-0.25,0.33,-0.50,0.07,in movimento
2024-11-06 17:26:03,-5.80,-1.56,-0.42,0.17,0.00,0.17,in movimento
2024-11-06 17:26:03,-6.71,-1.64,-0.45,0.20,0.40,0.17,in movimento
2024-11-06 17:26:03,-7.00,-2.19,-0.44,0.30,0.17,0.20,in movimento
2024-11-06 17:26:03,-7.09,-3.17,-0.50,0.80,-0.03,0.20,in movimento
2024-11-06 17:26:03,-7.01,-4.19,-0.50,1.40,-0.07,0.13,in movimento
2024-11-06 17:26:03,-6.11,-4.58,-0.20,2.03,0.27,-0.00,in movimento
2024-11-06 17:26:03,-6.85,-4.66,-0.30,2.90,0.73,0.20,in movimento
2024-11-06 17:26:03,-7.92,-5.61,-1.10,3.43,0.60,0.20,in movimento
2024-11-06 17:26:03,-9.47,-4.36,-1.67,4.03,0.27,-0.27,in movimento
2024-11-06 17:26:03,-8.20,-4.38,-1.90,3.73,0.00,0.33,in movimento
2024-11-06 17:26:03,-5.75,-4.58,-2.09,3.33,-0.27,0.47,in movimento
2024-11-06 17:26:03,-4.32,-4.58,-2.06,2.50,-0.47,0.30,in movimento
2024-11-06 17:26:03,-4.59,-5.75,-2.75,2.13,-0.67,0.03,in movimento
2024-11-06 17:26:03,-4.63,-7.06,-2.66,2.70,-0.83,-0.00,in movimento
2024-11-06 17:26:03,-3.63,-6.09,-2.44,3.43,-0.67,0.20,in movimento
2024-11-06 17:26:03,-2.55,-5.77,-1.55,3.67,-0.30,0.10,in movimento
2024-11-06 17:26:03,-2.59,-5.69,-0.40,3.37,-0.03,0.07,in movimento
2024-11-06 17:26:03,-3.57,-6.20,1.11,3.23,-0.10,0.33,in movimento
2024-11-06 17:26:03,-3.42,-6.05,1.81,3.60,-0.20,0.40,in movimento
2024-11-06 17:26:03,-2.39,-5.82,3.58,3.50,0.13,-0.03,in movimento
2024-11-06 17:26:03,-1.94,-5.44,3.87,2.83,0.13,0.03,in movimento
2024-11-06 17:26:03,-2.46,-6.34,4.26,1.97,-0.10,0.33,in movimento
2024-11-06 17:26:03,-2.65,-6.55,4.29,2.00,-0.10,0.37,in movimento
2024-11-06 17:26:03,-2.94,-5.12,3.86,2.10,0.07,0.37,in movimento
2024-11-06 17:26:03,-2.95,-5.23,4.04,1.70,0.17,0.20,in movimento
2024-11-06 17:26:03,-2.66,-5.62,4.04,1.33,0.07,0.07,in movimento
2024-11-06 17:26:03,-2.51,-5.47,4.01,1.23,-0.20,0.17,in movimento
2024-11-06 17:26:03,-2.47,-4.93,3.97,1.43,-0.20,0.13,in movimento
2024-11-06 17:26:03,-2.27,-4.36,3.94,1.53,0.10,0.07,in movimento
2024-11-06 17:26:03,-2.12,-4.25,3.71,1.30,0.47,0.03,in movimento
2024-11-06 17:26:03,-2.43,-4.48,3.77,1.03,0.43,-0.00,in movimento
2024-11-06 17:26:03,-2.77,-4.42,4.41,0.90,-0.20,0.03,in movimento
2024-11-06 17:26:03,-2.31,-4.76,4.99,0.70,-0.87,0.03,in movimento
2024-11-06 17:26:03,-2.36,-5.61,5.37,0.43,-0.63,0.10,in movimento
2024-11-06 17:26:03,-2.20,-5.80,4.34,0.23,0.00,-0.00,in movimento
2024-11-06 17:26:03,-2.32,-5.73,2.50,0.00,0.40,-0.03,in movimento
2024-11-06 17:26:03,-2.44,-5.72,1.87,-0.10,0.00,0.03,in movimento
2024-11-06 17:26:03,-2.64,-5.69,1.50,-0.10,-0.37,0.07,in movimento
2024-11-06 17:26:03,-2.68,-5.72,1.48,-0.07,-0.37,0.03,in movimento
2024-11-06 17:26:03,-2.53,-5.80,1.27,-0.07,0.00,-0.03,in movimento
2024-11-06 17:26:03,-2.61,-5.89,0.91,-0.17,0.17,-0.07,in movimento
2024-11-06 17:26:03,-2.51,-5.87,0.34,-0.17,0.13,-0.13,in movimento
2024-11-06 17:26:03,-2.35,-5.92,-0.16,-0.17,0.03,-0.10,in movimento
2024-11-06 17:26:03,-2.24,-5.87,-0.39,-0.13,0.00,-0.07,in movimento
2024-11-06 17:26:03,-2.18,-6.00,-0.26,-0.13,0.00,-0.07,in movimento
2024-11-06 17:26:03,-2.12,-5.94,-0.25,-0.13,-0.10,-0.10,in movimento
2024-11-06 17:26:03,-2.14,-5.90,-0.28,-0.13,-0.10,-0.10,in movimento
2024-11-06 17:26:03,-2.25,-5.64,-0.50,-0.10,0.00,-0.13,in movimento
2024-11-06 17:26:03,-1.94,-5.49,-0.82,-0.03,0.13,-0.13,in movimento
2024-11-06 17:26:03,-1.78,-5.56,-0.85,0.07,0.17,-0.07,in movimento
2024-11-06 17:26:03,-2.20,-5.21,-0.10,0.10,-0.23,-0.00,in movimento
2024-11-06 17:26:03,-2.20,-5.21,-0.10,0.10,-0.23,-0.00,in movimento
2024-11-06 17:26:03,-2.44,-4.82,-0.10,0.10,-0.30,-0.07,in movimento
2024-11-06 17:26:03,-2.46,-4.87,-0.14,0.33,-0.10,-0.13,in movimento
2024-11-06 17:26:03,-2.48,-4.93,-0.03,0.43,-0.07,-0.10,in movimento
2024-11-06 17:26:03,-2.31,-5.15,0.44,0.43,-0.13,-0.03,in movimento
2024-11-06 17:26:03,-2.13,-4.85,0.83,0.33,-0.23,-0.03,in movimento
2024-11-06 17:26:03,-2.60,-4.88,1.44,0.10,-0.23,-0.07,in movimento
2024-11-06 17:26:03,-2.68,-5.11,1.99,-0.13,-0.23,-0.17,in movimento
2024-11-06 17:26:03,-2.68,-4.35,2.45,-0.30,-0.07,-0.10,in movimento
2024-11-06 17:26:03,-3.00,-3.78,2.93,-0.47,-0.03,-0.10,in movimento
2024-11-06 17:26:03,-3.73,-3.16,4.64,-1.10,0.03,-0.17,in movimento
2024-11-06 17:26:03,-4.02,-1.93,7.42,-2.77,0.20,-0.43,in movimento
2024-11-06 17:26:04,-3.57,-1.23,7.05,-2.73,0.43,-0.13,in movimento
2024-11-06 17:26:04,-4.10,-0.94,7.13,-2.83,0.60,-0.27,in movimento
2024-11-06 17:26:04,-4.82,-1.38,6.69,-2.90,0.73,-0.23,in movimento
2024-11-06 17:26:04,-3.96,-1.19,6.53,-3.30,0.80,-0.13,in movimento
2024-11-06 17:26:04,-5.06,-1.42,6.09,-4.10,0.70,0.17,in movimento
2024-11-06 17:26:04,-4.21,-2.10,4.77,-3.80,-0.50,0.03,in movimento
2024-11-06 17:26:04,-4.56,-2.12,5.00,-3.13,-0.63,-0.30,in movimento
2024-11-06 17:26:04,-3.67,-1.58,3.71,-3.30,-0.43,-0.43,in movimento
2024-11-06 17:26:04,-4.18,-2.52,3.98,-3.43,0.03,-0.87,in movimento
2024-11-06 17:26:04,-4.89,-3.20,3.25,-3.30,0.17,-1.00,in movimento
2024-11-06 17:26:04,-4.29,-3.95,0.81,-2.97,0.13,-0.83,in movimento
2024-11-06 17:26:04,-4.58,-3.02,-0.02,-2.67,0.20,-0.77,in movimento
2024-11-06 17:26:04,-5.70,-2.33,0.70,-2.97,-0.03,-0.87,in movimento
2024-11-06 17:26:04,-6.06,-3.42,0.02,-3.03,0.00,-0.90,in movimento
2024-11-06 17:26:04,-6.48,-4.33,-1.63,-2.60,0.13,-0.73,in movimento
2024-11-06 17:26:04,-6.41,-4.22,-1.97,-2.10,0.10,-0.77,in movimento
2024-11-06 17:26:04,-7.32,-3.85,-1.52,-2.07,-0.17,-0.60,in movimento
2024-11-06 17:26:04,-7.09,-3.70,-1.18,-2.37,-0.10,-0.43,in movimento
2024-11-06 17:26:04,-6.75,-4.71,-1.85,-2.50,0.30,-0.33,in movimento
2024-11-06 17:26:04,-7.35,-4.53,-2.19,-2.20,0.67,-0.20,in movimento
2024-11-06 17:26:04,-9.06,-3.89,-1.65,-1.90,0.83,-0.00,in movimento
2024-11-06 17:26:04,-10.33,-3.16,-0.95,-1.87,0.43,0.07,in movimento
2024-11-06 17:26:04,-8.94,-3.55,-0.65,-2.00,0.00,0.03,in movimento
2024-11-06 17:26:04,-7.89,-4.10,-0.33,-1.63,0.23,-0.00,in movimento
2024-11-06 17:26:04,-8.52,-3.86,-0.13,-1.00,0.43,-0.10,in movimento
2024-11-06 17:26:04,Stop,,,,,,
2024-11-06 17:26:05,-9.16,-3.28,-0.19,-0.60,0.27,-0.10,in movimento
2024-11-06 17:26:05,Start,,,,,,
2024-11-06 17:26:05,-8.49,-2.77,-0.38,-0.67,-0.20,-0.10,in movimento
2024-11-06 17:26:05,-6.98,-2.93,-0.14,-0.77,-0.27,-0.03,in movimento
2024-11-06 17:26:05,-7.12,-2.74,-0.42,-0.60,0.00,0.03,in movimento
2024-11-06 17:26:05,-8.69,-1.98,-0.64,-0.40,0.10,0.23,in movimento
2024-11-06 17:26:05,-8.22,-1.57,-0.92,-0.30,-0.03,0.13,in movimento
2024-11-06 17:26:05,-7.15,-1.76,-0.76,-0.07,-0.10,0.10,in movimento
2024-11-06 17:26:05,-7.27,-1.25,-0.04,0.37,0.00,0.10,in movimento
2024-11-06 17:26:05,-8.01,-0.30,-0.13,0.37,-0.10,-0.00,in movimento
2024-11-06 17:26:05,-7.23,-0.47,-0.26,0.00,-0.20,-0.03,in movimento
2024-11-06 17:26:05,-7.03,-0.39,-0.16,0.00,0.00,-0.00,in movimento
2024-11-06 17:26:05,-6.77,-0.30,-0.11,0.23,0.00,-0.03,in movimento
2024-11-06 17:26:05,-7.34,0.17,-0.07,0.50,0.00,-0.00,in movimento
2024-11-06 17:26:05,-7.61,1.16,0.05,0.40,-0.13,-0.00,in movimento
2024-11-06 17:26:05,-7.31,0.97,0.07,0.00,-0.17,0.03,in movimento
2024-11-06 17:26:05,-6.70,0.51,-0.03,0.03,-0.03,0.07,in movimento
2024-11-06 17:26:05,-7.27,0.35,-0.08,0.43,0.20,0.07,in movimento
2024-11-06 17:26:05,-7.67,0.77,-0.01,0.43,0.00,-0.03,in movimento
2024-11-06 17:26:05,-7.05,0.88,0.05,0.17,-0.13,-0.00,in movimento
2024-11-06 17:26:05,-6.43,0.15,-0.08,0.00,-0.07,0.03,in movimento
2024-11-06 17:26:05,-6.93,-0.72,-0.30,0.23,0.03,0.13,in movimento
2024-11-06 17:26:05,-7.89,-0.39,-0.22,0.57,0.03,0.20,in movimento
2024-11-06 17:26:05,-7.37,-0.84,-0.35,0.50,-0.07,0.07,in movimento
2024-11-06 17:26:05,-6.61,-1.86,-0.45,0.50,0.07,-0.10,in movimento
2024-11-06 17:26:05,-6.07,-2.63,-0.38,0.70,0.13,-0.10,in movimento
2024-11-06 17:26:05,-6.68,-3.45,-0.61,0.97,0.07,0.13,in movimento
2024-11-06 17:26:05,-7.55,-3.45,-0.77,1.27,-0.27,0.37,in movimento
2024-11-06 17:26:05,-7.20,-2.68,-0.59,1.40,-0.33,0.43,in movimento
2024-11-06 17:26:05,-7.58,-3.63,-1.12,1.30,0.00,0.30,in movimento
2024-11-06 17:26:05,-8.43,-4.38,-2.03,1.53,0.10,0.40,in movimento
2024-11-06 17:26:05,-8.73,-5.09,-2.58,1.87,0.07,0.43,in movimento
2024-11-06 17:26:05,-8.60,-4.27,-1.12,2.47,0.10,0.37,in movimento
2024-11-06 17:26:05,-9.43,-3.88,-1.69,2.40,-0.17,0.37,in movimento
2024-11-06 17:26:05,-9.19,-4.98,-1.76,2.03,-0.20,0.40,in movimento
2024-11-06 17:26:05,-9.09,-5.16,-1.08,2.17,0.13,0.30,in movimento
2024-11-06 17:26:05,-7.84,-5.01,-1.48,2.67,0.63,0.10,in movimento
2024-11-06 17:26:05,-9.35,-5.33,-1.82,3.73,0.57,0.40,in movimento
2024-11-06 17:26:05,-7.65,-5.83,-1.25,4.80,-0.27,0.17,in movimento
2024-11-06 17:26:05,-6.12,-4.06,-0.78,4.70,-0.97,-0.57,in movimento
2024-11-06 17:26:05,-4.48,-5.74,0.72,4.07,-0.90,0.43,in movimento
2024-11-06 17:26:05,-5.19,-4.99,1.94,3.60,-0.80,1.00,in movimento
2024-11-06 17:26:05,-5.92,-5.47,3.43,3.13,-0.90,0.60,in movimento
2024-11-06 17:26:05,-4.27,-5.88,3.95,3.07,-0.43,0.03,in movimento
2024-11-06 17:26:05,-3.36,-5.29,3.73,3.07,0.13,-0.00,in movimento
2024-11-06 17:26:05,-3.91,-4.73,3.53,2.63,0.23,0.33,in movimento
2024-11-06 17:26:05,-3.20,-5.88,3.34,2.00,-0.03,0.37,in movimento
2024-11-06 17:26:05,-3.00,-6.08,3.05,2.00,-0.30,0.53,in movimento
2024-11-06 17:26:05,-3.52,-5.20,2.72,2.13,-0.37,0.73,in movimento
2024-11-06 17:26:05,-3.58,-5.44,2.91,1.93,-0.20,0.53,in movimento
2024-11-06 17:26:05,-3.26,-5.60,3.00,1.67,0.00,0.23,in movimento
2024-11-06 17:26:05,-2.29,-5.51,3.06,1.47,-0.10,0.23,in movimento
2024-11-06 17:26:05,-2.83,-4.89,3.24,1.33,-0.43,0.43,in movimento
2024-11-06 17:26:05,-4.19,-4.79,4.25,1.27,-0.63,0.53,in movimento
2024-11-06 17:26:05,-4.15,-4.49,4.77,1.10,-0.57,0.33,in movimento
2024-11-06 17:26:05,-3.42,-5.46,4.22,0.53,-0.40,0.20,in movimento
2024-11-06 17:26:05,-3.32,-5.59,3.44,0.20,-0.47,0.23,in movimento
2024-11-06 17:26:05,-4.29,-5.20,3.81,0.30,-0.63,0.33,in movimento
2024-11-06 17:26:05,-4.28,-4.88,4.27,0.47,-0.47,0.07,in movimento
2024-11-06 17:26:05,-2.94,-5.78,3.68,0.10,0.37,-0.20,in movimento
2024-11-06 17:26:05,-2.62,-5.90,3.02,0.00,0.57,-0.20,in movimento
2024-11-06 17:26:05,-2.18,-6.10,1.61,-0.17,0.63,-0.07,in movimento
2024-11-06 17:26:05,-3.20,-5.84,0.68,-0.17,0.13,0.23,in movimento
2024-11-06 17:26:06,-8.67,-2.06,-0.43,-0.77,0.10,-0.03,in movimento
2024-11-06 17:26:06,-8.34,-2.55,-0.92,-1.17,-0.13,0.07,in movimento
2024-11-06 17:26:06,-7.87,-1.56,-0.24,-0.97,0.00,0.17,in movimento
2024-11-06 17:26:06,-7.78,-1.47,-0.16,-0.77,0.20,0.03,in movimento
2024-11-06 17:26:06,-8.22,-1.56,-0.06,-0.23,0.33,-0.00,in movimento
2024-11-06 17:26:06,-8.24,-0.44,-0.07,-0.13,0.10,0.03,in movimento
2024-11-06 17:26:06,-7.55,-0.02,-0.11,-0.47,-0.17,0.20,in movimento
2024-11-06 17:26:06,-7.75,-0.47,-0.19,-0.47,-0.20,0.30,in movimento
2024-11-06 17:26:06,-7.58,-0.92,-0.30,-0.17,-0.03,0.20,in movimento
2024-11-06 17:26:06,-7.70,-0.29,-0.09,0.07,0.23,-0.00,in movimento
2024-11-06 17:26:06,-7.51,-0.06,-0.12,0.10,0.17,-0.07,in movimento
2024-11-06 17:26:06,-7.47,0.37,-0.08,0.13,0.03,-0.00,in movimento
2024-11-06 17:26:06,-7.57,0.30,-0.15,-0.07,-0.03,0.07,in movimento
2024-11-06 17:26:06,-6.58,-0.35,-0.22,-0.20,0.10,0.03,in movimento
2024-11-06 17:26:06,-6.76,0.18,-0.06,0.00,0.20,0.03,in movimento
2024-11-06 17:26:06,-7.58,0.57,-0.07,0.17,-0.07,0.23,in movimento
2024-11-06 17:26:06,-7.75,0.97,-0.02,0.17,-0.37,0.33,in movimento
2024-11-06 17:26:06,-6.99,0.94,-0.02,0.17,-0.10,0.17,in movimento
2024-11-06 17:26:07,-7.02,1.34,0.03,0.27,0.33,-0.03,in movimento
2024-11-06 17:26:07,Stop,,,,,,
2024-11-06 17:26:08,Start,,,,,,
2024-11-06 17:26:08,-7.18,1.03,0.01,0.23,0.23,-0.20,in movimento
2024-11-06 17:26:08,-7.52,1.61,0.15,0.23,0.00,-0.00,in movimento
2024-11-06 17:26:08,-6.89,1.27,0.11,0.03,-0.23,0.07,in movimento
2024-11-06 17:26:08,-6.11,1.13,0.05,0.10,0.00,-0.00,in movimento
2024-11-06 17:26:08,-6.27,0.79,-0.02,0.23,0.23,-0.10,in movimento
2024-11-06 17:26:08,-6.58,1.08,0.02,0.33,0.07,-0.00,in movimento
2024-11-06 17:26:08,-7.01,1.17,0.08,0.20,-0.13,0.07,in movimento
2024-11-06 17:26:08,-6.12,0.93,0.09,-0.13,-0.20,0.10,in movimento
2024-11-06 17:26:08,-6.17,0.92,0.03,0.03,0.07,0.10,in movimento
2024-11-06 17:26:08,-6.75,0.85,0.01,0.23,0.10,0.07,in movimento
2024-11-06 17:26:08,-6.87,1.07,0.07,0.27,0.00,0.03,in movimento
2024-11-06 17:26:08,-6.77,1.02,0.09,0.10,-0.10,-0.00,in movimento
2024-11-06 17:26:08,-6.33,0.81,0.02,0.00,-0.03,-0.00,in movimento
2024-11-06 17:26:08,-6.19,0.59,-0.04,0.07,0.07,-0.00,in movimento
2024-11-06 17:26:08,-6.46,0.41,-0.08,0.10,0.07,-0.00,in movimento
2024-11-06 17:26:08,-6.44,0.39,-0.08,0.17,0.00,-0.00,in movimento
2024-11-06 17:26:08,-6.37,0.27,-0.11,0.10,-0.07,-0.00,in movimento
2024-11-06 17:26:08,-6.17,-0.12,-0.17,0.10,0.00,0.03,in movimento
2024-11-06 17:26:08,-6.45,-0.69,-0.33,0.17,0.00,0.07,in movimento
2024-11-06 17:26:08,-6.44,-1.14,-0.46,0.30,-0.07,0.07,in movimento
2024-11-06 17:26:08,-6.87,-2.21,-0.46,0.90,-0.17,0.13,in movimento
2024-11-06 17:26:08,-6.36,-2.24,-0.32,1.37,-0.30,-0.00,in movimento
2024-11-06 17:26:08,-6.28,-2.42,-0.10,1.80,-0.23,-0.13,in movimento
2024-11-06 17:26:08,-6.84,-3.34,-0.03,2.30,-0.27,-0.33,in movimento
2024-11-06 17:26:08,-6.89,-4.20,-0.32,3.03,-0.53,-0.40,in movimento
2024-11-06 17:26:08,-6.48,-4.53,-1.20,3.20,-0.63,-0.33,in movimento
2024-11-06 17:26:08,-8.99,-2.60,-0.59,3.17,-0.27,-0.27,in movimento
2024-11-06 17:26:08,-9.29,-4.18,-1.80,2.73,-0.40,0.37,in movimento
2024-11-06 17:26:08,-9.21,-5.59,-3.10,2.63,-0.43,0.30,in movimento
2024-11-06 17:26:08,-8.16,-6.01,-2.87,2.50,-0.23,0.10,in movimento
2024-11-06 17:26:08,-7.33,-5.89,-2.51,2.30,-0.10,0.33,in movimento
2024-11-06 17:26:08,-7.49,-7.06,-3.15,2.07,-0.27,0.50,in movimento
2024-11-06 17:26:08,-6.47,-7.20,-2.65,2.17,-0.13,0.53,in movimento
2024-11-06 17:26:08,-6.20,-6.72,-2.09,2.53,0.17,0.57,in movimento
2024-11-06 17:26:08,-5.51,-5.58,-1.83,2.90,0.40,0.63,in movimento
2024-11-06 17:26:08,-5.50,-7.21,-1.56,3.00,0.67,0.60,in movimento
2024-11-06 17:26:08,-5.47,-7.68,-1.20,3.23,0.77,0.57,in movimento
2024-11-06 17:26:08,-5.26,-7.37,-0.32,3.77,0.93,0.27,in movimento
2024-11-06 17:26:08,-4.31,-7.85,0.79,2.73,0.20,0.33,in movimento
2024-11-06 17:26:08,-4.64,-8.46,1.85,2.10,-0.50,0.43,in movimento
2024-11-06 17:26:08,-3.97,-7.52,2.36,2.23,-0.63,0.50,in movimento
2024-11-06 17:26:08,-4.77,-7.55,3.23,2.47,-0.43,0.50,in movimento
2024-11-06 17:26:08,-4.92,-8.11,3.76,2.50,-0.23,0.37,in movimento
2024-11-06 17:26:08,-4.88,-8.17,4.23,2.37,-0.13,0.30,in movimento
2024-11-06 17:26:08,-4.83,-7.93,4.83,2.03,-0.20,0.23,in movimento
2024-11-06 17:26:08,-4.18,-6.62,4.83,1.80,-0.43,0.33,in movimento
2024-11-06 17:26:08,-4.33,-7.04,4.98,1.53,-0.63,0.43,in movimento
2024-11-06 17:26:08,-3.96,-7.61,4.98,1.50,-0.60,0.37,in movimento
2024-11-06 17:26:08,-4.26,-7.21,5.12,1.47,-0.37,0.33,in movimento
2024-11-06 17:26:08,-4.43,-6.17,5.21,1.30,-0.23,0.23,in movimento
2024-11-06 17:26:08,-4.35,-6.05,4.72,1.03,-0.03,0.13,in movimento
2024-11-06 17:26:08,-3.80,-6.51,3.85,0.87,0.17,-0.00,in movimento
2024-11-06 17:26:08,-3.25,-6.81,3.03,0.90,0.33,-0.00,in movimento
2024-11-06 17:26:08,-2.79,-6.30,2.33,0.83,0.20,0.03,in movimento
2024-11-06 17:26:08,-3.31,-5.99,2.33,0.57,-0.13,0.17,in movimento
2024-11-06 17:26:08,-3.60,-6.08,2.85,0.33,-0.43,0.17,in movimento
2024-11-06 17:26:08,-3.75,-6.18,2.92,0.20,-0.47,0.13,in movimento
2024-11-06 17:26:08,-3.40,-5.99,2.58,0.20,-0.23,0.10,in movimento
2024-11-06 17:26:08,-3.29,-5.95,2.41,0.20,0.00,-0.00,in movimento
2024-11-06 17:26:08,-3.29,-6.28,2.33,0.17,0.13,-0.03,in movimento
2024-11-06 17:26:08,-3.50,-6.18,2.23,0.20,0.17,-0.03,in movimento
2024-11-06 17:26:08,-3.42,-6.15,1.74,0.10,0.20,-0.10,in movimento
2024-11-06 17:26:08,-3.16,-6.02,1.16,0.00,0.17,-0.10,in movimento
2024-11-06 17:26:08,-3.25,-6.28,0.96,-0.10,0.07,-0.07,in movimento
2024-11-06 17:26:08,-3.22,-6.42,0.90,-0.10,0.00,-0.03,in movimento
2024-11-06 17:26:08,-3.28,-6.41,0.80,-0.03,0.00,-0.00,in movimento
2024-11-06 17:26:08,-3.38,-6.29,0.56,-0.03,0.03,-0.03,in movimento
2024-11-06 17:26:08,-3.39,-6.17,0.27,-0.03,0.03,-0.10,in movimento
2024-11-06 17:26:08,-3.14,-6.43,0.18,-0.10,0.00,-0.10,in movimento
2024-11-06 17:26:08,-3.17,-6.52,0.17,-0.10,0.03,-0.07,in movimento
2024-11-06 17:26:08,-3.03,-6.53,0.23,-0.03,0.00,-0.03,in movimento
2024-11-06 17:26:08,-3.40,-5.82,0.72,0.00,-0.07,-0.00,in movimento
2024-11-06 17:26:08,-3.84,-4.81,2.31,-0.03,-0.20,-0.00,in movimento
2024-11-06 17:26:08,-4.67,-3.64,4.47,-0.17,-0.30,-0.00,in movimento
2024-11-06 17:26:08,-5.08,-3.27,6.82,-0.73,-0.23,-0.13,in movimento
2024-11-06 17:26:08,-4.93,-3.18,8.71,-1.63,-0.10,-0.40,in movimento
2024-11-06 17:26:08,-5.49,-1.36,9.71,-2.80,0.07,-0.50,in movimento
2024-11-06 17:26:08,-5.47,-2.11,9.89,-3.77,0.07,-0.67,in movimento
2024-11-06 17:26:08,-5.39,-2.34,9.35,-4.07,0.07,-0.63,in movimento
2024-11-06 17:26:08,-5.61,-2.86,8.82,-4.40,0.07,-0.57,in movimento
2024-11-06 17:26:08,-5.39,-3.17,6.68,-4.40,0.03,-0.43,in movimento
2024-11-06 17:26:08,-5.32,-3.15,5.37,-3.90,0.27,-0.40,in movimento
2024-11-06 17:26:08,-5.68,-3.65,4.99,-3.60,0.47,-0.63,in movimento
2024-11-06 17:26:08,-5.95,-3.92,3.80,-3.63,0.20,-0.90,in movimento
2024-11-06 17:26:08,-5.80,-4.78,4.57,-3.47,-0.07,-0.90,in movimento
2024-11-06 17:26:08,-6.10,-4.87,3.88,-3.23,-0.03,-1.07,in movimento
2024-11-06 17:26:08,-5.39,-6.02,1.85,-3.40,0.30,-1.30,in movimento
2024-11-06 17:26:08,-6.92,-6.74,0.55,-3.43,0.70,-1.07,in movimento
2024-11-06 17:26:08,-7.56,-7.00,-1.30,-3.43,0.70,-0.87,in movimento
2024-11-06 17:26:08,-7.41,-6.81,-2.51,-3.27,0.43,-0.60,in movimento
2024-11-06 17:26:08,-7.73,-6.43,-3.23,-3.00,0.50,-0.43,in movimento
2024-11-06 17:26:08,-8.92,-6.09,-3.79,-2.73,0.53,-0.50,in movimento
2024-11-06 17:26:08,-8.40,-6.61,-4.32,-2.60,0.50,-0.57,in movimento
2024-11-06 17:26:08,-8.82,-5.89,-3.49,-2.27,0.57,-0.40,in movimento
2024-11-06 17:26:08,-8.37,-5.67,-2.23,-2.00,0.40,-0.30,in movimento
2024-11-06 17:26:08,-7.78,-5.45,-1.78,-1.53,0.20,-0.30,in movimento
2024-11-06 17:26:08,-7.41,-4.83,-1.24,-1.17,0.20,-0.27,in movimento
2024-11-06 17:26:08,-7.33,-4.33,-1.60,-1.10,0.47,-0.20,in movimento
2024-11-06 17:26:08,Stop,,,,,,
2024-11-06 17:26:10,Start,,,,,,
2024-11-06 17:26:10,-8.17,-4.02,-0.63,-1.07,0.63,-0.07,in movimento
2024-11-06 17:26:10,-7.67,-3.69,-1.21,-0.97,0.20,0.03,in movimento
2024-11-06 17:26:10,-6.87,-3.31,-3.07,-0.70,0.00,0.13,in movimento
2024-11-06 17:26:10,-6.98,-2.59,-0.93,-0.50,0.03,0.17,in movimento
2024-11-06 17:26:10,-7.01,-2.15,-0.18,-0.47,0.17,0.13,in movimento
2024-11-06 17:26:10,-7.17,-1.82,-0.04,-0.23,0.23,0.10,in movimento
2024-11-06 17:26:10,-6.52,-1.42,-0.44,0.10,0.13,0.07,in movimento
2024-11-06 17:26:10,-7.28,-0.80,-0.07,0.23,0.17,0.07,in movimento
2024-11-06 17:26:10,-7.29,0.11,-0.20,0.00,-0.03,0.13,in movimento
2024-11-06 17:26:10,-6.61,0.03,-0.13,-0.10,-0.03,0.20,in movimento
2024-11-06 17:26:10,-5.98,0.31,-0.11,0.20,-0.03,0.13,in movimento
2024-11-06 17:26:10,-6.75,0.24,-0.17,0.50,0.00,0.10,in movimento
2024-11-06 17:26:10,-7.45,1.33,0.04,0.57,-0.13,0.10,in movimento
2024-11-06 17:26:10,-6.44,1.71,0.21,0.10,-0.17,0.07,in movimento
2024-11-06 17:26:10,-6.26,1.09,0.01,0.03,0.00,0.10,in movimento
2024-11-06 17:26:10,-5.90,1.03,0.01,0.27,0.00,0.03,in movimento
2024-11-06 17:26:10,-6.73,1.23,0.03,0.43,-0.07,0.13,in movimento
2024-11-06 17:26:10,-6.22,1.90,0.24,0.27,-0.10,0.13,in movimento
2024-11-06 17:26:10,-6.55,1.13,0.11,0.03,0.07,0.03,in movimento
2024-11-06 17:26:10,-6.64,0.65,-0.06,0.17,0.13,-0.00,in movimento
2024-11-06 17:26:10,-6.73,0.76,-0.03,0.33,0.00,-0.03,in movimento
2024-11-06 17:26:10,-6.24,0.41,-0.12,0.30,-0.20,-0.00,in movimento
2024-11-06 17:26:10,-5.86,0.22,-0.15,0.27,-0.03,-0.07,in movimento
2024-11-06 17:26:10,-5.96,-0.46,-0.33,0.13,0.03,-0.07,in movimento
2024-11-06 17:26:10,-6.15,-0.76,-0.41,0.27,0.07,-0.00,in movimento
2024-11-06 17:26:10,-6.46,-1.21,-0.57,0.40,-0.07,0.03,in movimento
2024-11-06 17:26:10,-6.32,-2.16,-0.94,0.50,-0.20,-0.00,in movimento
2024-11-06 17:26:10,-6.37,-3.01,-0.91,0.77,-0.17,-0.03,in movimento
2024-11-06 17:26:10,-5.95,-3.26,-0.52,1.17,-0.10,-0.13,in movimento
2024-11-06 17:26:10,-6.33,-4.11,-0.80,1.63,-0.03,-0.10,in movimento
2024-11-06 17:26:10,-7.02,-4.80,-1.46,2.00,-0.10,-0.00,in movimento
2024-11-06 17:26:10,-7.12,-5.14,-1.53,2.37,-0.07,-0.00,in movimento
2024-11-06 17:26:10,-7.24,-4.51,-1.39,2.83,-0.13,-0.03,in movimento
2024-11-06 17:26:10,-7.34,-5.66,-2.25,3.33,-0.07,-0.07,in movimento
2024-11-06 17:26:10,-7.78,-7.03,-4.11,3.73,0.20,-0.40,in movimento
2024-11-06 17:26:10,-8.48,-6.83,-4.25,4.17,0.57,-0.40,in movimento
2024-11-06 17:26:10,-7.91,-6.82,-3.24,4.17,0.30,-0.00,in movimento
2024-11-06 17:26:10,-7.31,-6.45,-2.30,3.87,-0.37,0.40,in movimento
2024-11-06 17:26:10,-8.05,-6.32,-1.82,3.20,-1.17,0.73,in movimento
2024-11-06 17:26:10,-7.20,-6.49,-0.84,2.80,-1.50,0.70,in movimento
2024-11-06 17:26:10,-6.40,-6.92,0.03,3.13,-1.07,0.57,in movimento
2024-11-06 17:26:10,-6.00,-7.40,0.77,3.63,-0.07,0.43,in movimento
2024-11-06 17:26:10,-6.28,-7.36,3.35,3.33,-0.30,0.47,in movimento
2024-11-06 17:26:10,-5.77,-7.09,3.78,3.17,-0.50,0.47,in movimento
2024-11-06 17:26:10,-4.66,-6.92,3.77,2.83,-0.60,0.43,in movimento
2024-11-06 17:26:10,-4.74,-7.91,4.40,2.50,-0.30,0.33,in movimento
2024-11-06 17:26:10,-5.10,-7.20,4.85,2.43,-0.10,0.20,in movimento
2024-11-06 17:26:10,-4.95,-6.44,5.27,2.07,-0.20,0.20,in movimento
2024-11-06 17:26:10,-4.95,-6.56,5.21,1.63,-0.60,0.33,in movimento
2024-11-06 17:26:10,-4.82,-7.05,5.77,1.67,-0.63,0.27,in movimento
2024-11-06 17:26:10,-4.66,-7.30,6.09,1.67,-0.17,0.07,in movimento
2024-11-06 17:26:10,-4.24,-7.05,5.91,1.50,0.00,-0.00,in movimento
2024-11-06 17:26:10,-3.47,-7.60,4.59,0.77,0.07,-0.00,in movimento
2024-11-06 17:26:10,-2.98,-8.06,3.79,0.63,0.00,0.10,in movimento
2024-11-06 17:26:10,-3.04,-7.61,3.07,0.80,-0.10,0.17,in movimento
2024-11-06 17:26:10,-3.25,-7.32,3.05,0.83,-0.17,0.20,in movimento
2024-11-06 17:26:10,-3.73,-6.48,3.47,0.43,-0.13,0.10,in movimento
2024-11-06 17:26:10,-3.57,-6.61,3.34,0.27,-0.03,0.07,in movimento
2024-11-06 17:26:10,-3.42,-6.69,2.78,0.27,0.07,0.10,in movimento
2024-11-06 17:26:10,-4.03,-5.90,2.48,0.17,0.07,0.20,in movimento
2024-11-06 17:26:10,-4.03,-5.76,2.48,0.17,0.07,0.20,in movimento
2024-11-06 17:26:10,-4.29,-6.05,2.04,-0.07,-0.03,0.10,in movimento
2024-11-06 17:26:10,-3.97,-6.55,1.54,-0.20,-0.07,-0.00,in movimento
2024-11-06 17:26:10,-3.70,-6.74,0.92,-0.17,0.07,-0.03,in movimento
2024-11-06 17:26:10,-3.83,-6.85,0.80,-0.07,0.10,-0.00,in movimento
2024-11-06 17:26:10,-4.18,-6.61,0.94,0.03,0.00,-0.00,in movimento
2024-11-06 17:26:10,-4.10,-6.47,0.78,-0.03,0.00,-0.07,in movimento
2024-11-06 17:26:10,-4.08,-6.62,0.39,-0.20,0.07,-0.13,in movimento
2024-11-06 17:26:10,-4.04,-7.01,0.04,-0.17,0.13,-0.27,in movimento
2024-11-06 17:26:10,-3.49,-7.20,-0.41,-0.03,0.17,-0.33,in movimento
2024-11-06 17:26:10,-3.31,-7.51,-0.49,0.00,0.20,-0.27,in movimento
2024-11-06 17:26:10,-3.29,-7.52,-0.40,0.03,0.20,-0.17,in movimento
2024-11-06 17:26:10,-3.78,-7.21,-0.26,0.03,0.10,-0.07,in movimento
2024-11-06 17:26:10,-3.88,-6.93,-0.27,0.00,0.00,-0.10,in movimento
2024-11-06 17:26:10,-3.98,-6.52,-0.24,0.00,0.03,-0.10,in movimento
2024-11-06 17:26:10,-4.49,-6.20,0.08,0.00,0.07,-0.10,in movimento
2024-11-06 17:26:10,-5.57,-4.18,1.85,0.00,0.10,-0.53,in movimento
2024-11-06 17:26:10,-5.57,-4.18,1.85,0.00,0.10,-0.53,in movimento
2024-11-06 17:26:10,-5.35,-2.77,4.00,-1.43,-0.37,-0.83,in movimento
2024-11-06 17:26:10,-4.80,-5.56,5.60,-2.03,-0.90,-0.87,in movimento
2024-11-06 17:26:10,-4.19,-4.43,5.58,-1.43,-0.67,-0.50,in movimento
2024-11-06 17:26:10,-4.99,-3.11,6.10,-1.33,-0.17,-0.50,in movimento
2024-11-06 17:26:10,-5.57,-2.31,6.35,-2.20,0.10,-0.60,in movimento
2024-11-06 17:26:10,-5.28,-3.91,6.20,-3.03,0.23,-0.43,in movimento
2024-11-06 17:26:10,-5.27,-4.62,6.60,-2.87,0.43,-0.23,in movimento
2024-11-06 17:26:10,-4.83,-4.23,5.94,-2.37,0.57,-0.30,in movimento
2024-11-06 17:26:10,-4.59,-4.16,4.41,-2.20,0.93,-0.53,in movimento
2024-11-06 17:26:10,-6.05,-3.52,3.30,-2.37,1.10,-0.37,in movimento
2024-11-06 17:26:10,-6.89,-2.77,2.99,-2.70,0.60,-0.17,in movimento
2024-11-06 17:26:10,-6.36,-3.37,2.57,-2.60,0.00,-0.23,in movimento
2024-11-06 17:26:10,-5.96,-3.87,2.36,-2.20,0.00,-0.40,in movimento
2024-11-06 17:26:10,-6.23,-4.00,2.12,-2.07,0.23,-0.47,in movimento
2024-11-06 17:26:10,-6.20,-4.27,1.68,-2.20,0.30,-0.43,in movimento
2024-11-06 17:26:10,-6.56,-4.03,1.53,-2.27,0.20,-0.30,in movimento
2024-11-06 17:26:10,-7.33,-4.23,1.73,-2.43,0.00,-0.20,in movimento
2024-11-06 17:26:10,-7.74,-4.68,1.02,-2.33,0.00,-0.13,in movimento
2024-11-06 17:26:10,-7.65,-4.10,-0.06,-2.27,0.00,-0.13,in movimento
2024-11-06 17:26:10,-8.52,-3.99,0.07,-2.37,0.07,-0.20,in movimento
2024-11-06 17:26:10,-9.31,-4.27,0.32,-2.47,0.17,-0.23,in movimento
2024-11-06 17:26:10,-8.94,-4.55,-0.88,-2.50,0.20,-0.37,in movimento
2024-11-06 17:26:11,-9.18,-5.04,-2.29,-2.27,0.40,-0.37,in movimento
2024-11-06 17:26:11,-8.52,-4.61,-2.66,-2.00,0.67,-0.50,in movimento
2024-11-06 17:26:11,-9.37,-4.11,-2.53,-1.93,0.77,-0.30,in movimento
2024-11-06 17:26:11,-9.82,-4.37,-2.77,-1.93,0.60,-0.17,in movimento
2024-11-06 17:26:11,-9.62,-4.25,-2.31,-1.70,0.43,-0.17,in movimento
2024-11-06 17:26:11,Stop,,,,,,
2024-11-06 17:26:12,Start,,,,,,
2024-11-06 17:26:12,-8.69,-3.64,-1.24,-1.23,0.33,-0.30,in movimento
2024-11-06 17:26:12,-8.15,-2.76,-0.62,-1.03,0.33,-0.43,in movimento
2024-11-06 17:26:12,-7.77,-2.84,-1.26,-1.13,0.20,-0.20,in movimento
2024-11-06 17:26:12,-8.29,-3.27,-1.75,-0.97,0.20,-0.00,in movimento
2024-11-06 17:26:12,-7.92,-2.66,-0.72,-0.70,0.13,0.03,in movimento
2024-11-06 17:26:12,-7.11,-1.53,-1.17,-0.47,0.27,-0.03,in movimento
2024-11-06 17:26:12,-7.28,-1.32,-0.30,-0.40,0.13,-0.10,in movimento
2024-11-06 17:26:12,-7.66,-1.31,-0.84,-0.37,-0.10,0.03,in movimento
2024-11-06 17:26:12,-7.11,-0.67,-0.55,-0.40,-0.07,0.17,in movimento
2024-11-06 17:26:12,-6.94,-0.12,-0.17,-0.23,0.17,0.13,in movimento
2024-11-06 17:26:12,-7.42,0.04,-0.30,-0.03,0.07,0.03,in movimento
2024-11-06 17:26:12,-7.14,0.26,-0.30,0.00,-0.13,-0.00,in movimento
2024-11-06 17:26:12,-6.41,0.84,-0.12,-0.07,-0.07,0.03,in movimento
2024-11-06 17:26:12,-6.69,0.38,-0.24,-0.03,0.00,0.03,in movimento
2024-11-06 17:26:12,-7.12,0.31,-0.30,0.20,0.00,0.03,in movimento
2024-11-06 17:26:12,-7.54,0.64,-0.21,0.33,-0.13,0.03,in movimento
2024-11-06 17:26:12,-6.69,0.64,-0.17,0.23,-0.27,-0.07,in movimento
2024-11-06 17:26:12,-6.33,-0.51,-0.45,0.17,-0.23,-0.00,in movimento
2024-11-06 17:26:12,-6.53,-0.60,-0.52,0.43,-0.03,0.07,in movimento
2024-11-06 17:26:12,-7.34,-0.05,-0.40,0.73,0.07,0.13,in movimento
2024-11-06 17:26:12,-6.96,0.35,-0.21,0.50,0.00,-0.17,in movimento
2024-11-06 17:26:12,-6.51,0.04,-0.25,0.33,-0.07,-0.03,in movimento
2024-11-06 17:26:12,-7.42,0.39,-0.22,0.40,-0.20,0.20,in movimento
2024-11-06 17:26:12,-8.10,0.25,-0.25,0.47,-0.33,0.37,in movimento
2024-11-06 17:26:12,-8.27,0.09,-0.30,0.63,-0.27,0.23,in movimento
2024-11-06 17:26:12,-7.90,-0.50,-0.46,0.70,0.03,-0.10,in movimento
2024-11-06 17:26:12,-7.10,-0.75,-0.51,0.67,0.03,-0.33,in movimento
2024-11-06 17:26:12,-6.62,-1.98,-1.01,0.70,0.00,-0.27,in movimento
2024-11-06 17:26:12,-7.03,-2.21,-1.14,0.87,-0.07,-0.00,in movimento
2024-11-06 17:26:12,-7.87,-3.19,-1.70,0.87,-0.20,0.20,in movimento
2024-11-06 17:26:12,-8.31,-4.12,-1.98,0.90,-0.27,0.17,in movimento
2024-11-06 17:26:12,-7.93,-5.13,-2.27,1.07,-0.17,-0.03,in movimento
2024-11-06 17:26:12,-8.45,-5.40,-2.68,1.40,-0.13,0.03,in movimento
2024-11-06 17:26:12,-7.52,-4.80,-2.22,1.97,-0.20,0.13,in movimento
2024-11-06 17:26:12,-7.88,-5.20,-3.05,2.57,-0.17,0.13,in movimento
2024-11-06 17:26:12,-8.95,-5.57,-2.62,3.33,-0.03,-0.00,in movimento
2024-11-06 17:26:12,-9.23,-5.12,-1.55,4.00,0.00,0.07,in movimento
2024-11-06 17:26:12,-8.39,-6.08,-1.20,4.30,-0.27,0.17,in movimento
2024-11-06 17:26:12,-6.80,-7.80,-0.72,4.30,-0.37,0.20,in movimento
2024-11-06 17:26:12,-7.04,-6.72,0.43,4.13,-0.50,0.23,in movimento
2024-11-06 17:26:12,-7.71,-5.66,2.06,3.73,-0.63,0.50,in movimento
2024-11-06 17:26:12,-7.66,-5.54,2.36,3.30,-0.60,0.53,in movimento
2024-11-06 17:26:12,-6.36,-6.59,2.61,2.90,-0.13,0.47,in movimento
2024-11-06 17:26:12,-7.08,-6.00,1.88,3.13,0.00,0.33,in movimento
2024-11-06 17:26:12,-6.02,-5.96,2.79,3.00,-0.17,0.20,in movimento
2024-11-06 17:26:12,-5.05,-6.70,3.62,2.53,-0.33,0.43,in movimento
2024-11-06 17:26:12,-5.49,-6.92,4.85,2.27,-0.23,0.50,in movimento
2024-11-06 17:26:12,-5.07,-6.22,4.83,2.00,-0.27,0.43,in movimento
2024-11-06 17:26:12,-4.64,-5.93,4.23,1.57,-0.37,0.47,in movimento
2024-11-06 17:26:12,-3.98,-5.80,4.01,1.30,-0.43,0.53,in movimento
2024-11-06 17:26:12,-4.74,-5.79,4.23,1.30,-0.50,0.63,in movimento
2024-11-06 17:26:12,-5.85,-5.54,4.83,1.20,-0.67,0.63,in movimento
2024-11-06 17:26:12,-5.79,-5.74,4.63,1.03,-0.53,0.53,in movimento
2024-11-06 17:26:12,-4.99,-5.60,3.32,0.83,-0.13,0.43,in movimento
2024-11-06 17:26:12,-4.86,-6.07,2.47,0.63,0.00,0.47,in movimento
2024-11-06 17:26:12,-4.83,-6.38,2.22,0.43,-0.27,0.50,in movimento
2024-11-06 17:26:12,-5.04,-6.56,2.23,0.37,-0.60,0.43,in movimento
2024-11-06 17:26:12,-5.50,-6.18,2.37,0.30,-0.57,0.43,in movimento
2024-11-06 17:26:12,-5.14,-6.06,2.04,0.27,-0.27,0.23,in movimento
2024-11-06 17:26:12,-4.99,-6.02,1.66,0.27,0.17,0.10,in movimento
2024-11-06 17:26:12,-4.73,-6.26,1.42,0.27,0.40,-0.00,in movimento
2024-11-06 17:26:12,-4.51,-6.42,1.46,0.13,0.07,-0.00,in movimento
2024-11-06 17:26:12,-4.47,-6.37,1.41,0.00,-0.13,0.03,in movimento
2024-11-06 17:26:12,-4.77,-6.21,1.09,-0.23,-0.70,0.17,in movimento
2024-11-06 17:26:12,-4.95,-6.18,1.02,-0.03,-0.47,0.03,in movimento
2024-11-06 17:26:12,-4.95,-6.18,1.02,-0.03,-0.47,0.03,in movimento
2024-11-06 17:26:12,-4.59,-6.28,0.92,0.27,0.10,-0.17,in movimento
2024-11-06 17:26:12,-4.22,-6.60,0.86,0.30,0.27,-0.27,in movimento
2024-11-06 17:26:12,-3.87,-6.78,0.75,0.27,0.23,-0.27,in movimento
2024-11-06 17:26:12,-3.70,-7.07,0.76,0.20,0.13,-0.20,in movimento
2024-11-06 17:26:12,-3.92,-7.24,0.86,0.07,0.00,-0.10,in movimento
2024-11-06 17:26:12,-3.97,-7.09,0.86,0.03,0.00,-0.10,in movimento
2024-11-06 17:26:12,-3.98,-6.90,0.68,-0.03,-0.07,-0.10,in movimento
2024-11-06 17:26:12,-3.91,-6.87,0.21,-0.20,-0.03,-0.20,in movimento
2024-11-06 17:26:12,-3.89,-6.95,0.03,-0.20,-0.03,-0.20,in movimento
2024-11-06 17:26:12,-3.82,-6.92,-0.18,-0.10,-0.03,-0.07,in movimento
2024-11-06 17:26:12,-3.82,-6.77,-0.20,0.00,0.00,-0.03,in movimento
2024-11-06 17:26:12,-4.11,-6.62,-0.08,0.07,0.03,-0.00,in movimento
2024-11-06 17:26:12,-4.29,-6.46,-0.03,0.03,0.00,-0.03,in movimento
2024-11-06 17:26:12,-4.16,-6.52,-0.18,-0.03,0.00,-0.07,in movimento
2024-11-06 17:26:12,-3.79,-6.67,-0.37,0.00,-0.03,-0.03,in movimento
2024-11-06 17:26:12,-3.44,-6.76,-0.32,0.10,0.00,-0.00,in movimento
2024-11-06 17:26:12,-4.14,-6.48,0.76,0.30,-0.07,0.17,in movimento
2024-11-06 17:26:12,-4.54,-6.08,1.78,0.30,-0.23,0.07,in movimento
2024-11-06 17:26:12,-4.15,-5.92,1.85,0.00,-0.10,0.07,in movimento
2024-11-06 17:26:12,-4.36,-5.94,1.65,-0.10,0.00,0.07,in movimento
2024-11-06 17:26:12,-4.45,-5.82,1.22,-0.07,0.13,0.07,in movimento
2024-11-06 17:26:12,-4.74,-5.44,1.32,0.00,0.13,0.07,in movimento
2024-11-06 17:26:12,-5.09,-5.04,2.00,0.00,0.00,0.03,in movimento
2024-11-06 17:26:12,-5.50,-4.51,2.78,-0.13,-0.07,0.03,in movimento
2024-11-06 17:26:12,-5.78,-4.18,3.47,-0.27,0.00,0.03,in movimento
2024-11-06 17:26:12,-6.38,-4.22,4.21,-0.30,0.13,-0.00,in movimento
2024-11-06 17:26:12,-6.38,-3.53,5.27,-0.57,-0.13,-0.17,in movimento
2024-11-06 17:26:12,-6.39,-3.86,6.04,-1.03,-0.10,-0.27,in movimento
2024-11-06 17:26:12,-6.15,-3.50,5.95,-1.43,0.10,-0.37,in movimento
2024-11-06 17:26:12,-6.42,-2.51,6.58,-2.30,0.37,-0.63,in movimento
2024-11-06 17:26:13,-6.68,-2.26,5.96,-3.97,0.73,-0.53,in movimento
2024-11-06 17:26:13,-7.02,-3.89,5.17,-4.90,0.57,-0.63,in movimento
2024-11-06 17:26:13,-7.05,-4.36,3.98,-4.60,0.43,-0.60,in movimento
2024-11-06 17:26:13,-6.30,-4.14,2.47,-4.07,0.53,-0.60,in movimento
2024-11-06 17:26:13,-6.57,-3.67,1.17,-3.53,0.50,-0.53,in movimento
2024-11-06 17:26:13,-7.24,-3.99,1.17,-3.33,-0.03,-0.47,in movimento
2024-11-06 17:26:13,-6.50,-4.02,2.69,-3.03,-0.43,-0.73,in movimento
2024-11-06 17:26:13,-6.05,-4.01,2.52,-2.93,-0.50,-0.70,in movimento
2024-11-06 17:26:13,-5.96,-3.84,1.88,-2.80,-0.27,-0.73,in movimento
2024-11-06 17:26:13,-7.18,-4.16,0.28,-2.40,0.57,-0.77,in movimento
2024-11-06 17:26:13,-8.34,-3.74,0.97,-2.20,0.27,-0.57,in movimento
2024-11-06 17:26:13,-8.33,-4.23,0.36,-2.27,-0.30,-0.50,in movimento
2024-11-06 17:26:13,-7.14,-4.35,-0.47,-2.20,-0.20,-0.63,in movimento
2024-11-06 17:26:13,-7.59,-3.72,-1.21,-2.07,0.27,-0.87,in movimento
2024-11-06 17:26:13,-8.03,-3.96,-0.89,-2.17,0.60,-0.87,in movimento
2024-11-06 17:26:13,-9.06,-4.16,-1.80,-2.07,0.53,-0.67,in movimento
2024-11-06 17:26:13,Stop,,,,,,
2024-11-06 17:26:14,Start,,,,,,
2024-11-06 17:26:14,-8.84,-4.56,-2.40,-1.90,0.23,-0.43,in movimento
2024-11-06 17:26:14,-8.20,-4.62,-2.88,-1.50,0.27,-0.40,in movimento
2024-11-06 17:26:14,-8.12,-3.70,-2.12,-1.43,0.60,-0.67,in movimento
2024-11-06 17:26:14,-8.41,-4.53,-2.92,-1.83,0.90,-0.70,in movimento
2024-11-06 17:26:14,-8.49,-3.93,-1.74,-1.47,0.87,-0.13,in movimento
2024-11-06 17:26:14,-8.44,-3.41,-0.72,-1.17,0.43,-0.07,in movimento
2024-11-06 17:26:14,-8.18,-2.96,-0.39,-0.87,0.10,-0.10,in movimento
2024-11-06 17:26:14,-8.30,-2.40,-1.23,-0.80,-0.10,-0.20,in movimento
2024-11-06 17:26:14,-8.02,-2.42,-1.37,-0.70,0.00,-0.17,in movimento
2024-11-06 17:26:14,-7.47,-1.73,-0.74,-0.53,0.40,-0.07,in movimento
2024-11-06 17:26:14,-7.99,-1.48,-0.31,-0.47,0.67,-0.00,in movimento
2024-11-06 17:26:14,-8.54,-0.99,-0.28,-0.43,0.27,0.03,in movimento
2024-11-06 17:26:14,-8.63,-0.50,-0.35,-0.50,-0.07,0.03,in movimento
2024-11-06 17:26:14,-8.37,0.04,-0.18,-0.37,0.00,0.07,in movimento
2024-11-06 17:26:14,-7.70,0.11,-0.04,-0.17,0.23,-0.00,in movimento
2024-11-06 17:26:14,-7.47,0.06,-0.05,0.13,0.30,-0.03,in movimento
2024-11-06 17:26:14,-7.59,0.43,-0.18,0.23,0.03,-0.03,in movimento
2024-11-06 17:26:14,-7.81,1.17,-0.07,0.03,-0.23,0.23,in movimento
2024-11-06 17:26:14,-7.53,0.97,-0.09,0.00,-0.13,0.23,in movimento
2024-11-06 17:26:14,-7.70,0.78,-0.14,0.10,0.00,0.10,in movimento
2024-11-06 17:26:14,-7.92,1.11,-0.05,0.27,0.00,-0.00,in movimento
2024-11-06 17:26:14,-7.80,1.23,-0.01,0.27,-0.07,-0.00,in movimento
2024-11-06 17:26:14,-7.46,1.22,0.01,0.17,-0.07,-0.00,in movimento
2024-11-06 17:26:14,-7.36,1.25,0.03,0.13,0.03,0.07,in movimento
2024-11-06 17:26:14,-7.82,1.03,-0.03,0.17,0.07,0.10,in movimento
2024-11-06 17:26:14,-7.88,1.07,0.01,0.30,-0.07,0.03,in movimento
2024-11-06 17:26:14,-7.88,0.92,-0.00,0.33,-0.07,0.03,in movimento
2024-11-06 17:26:14,-7.79,0.58,-0.11,0.13,-0.10,-0.00,in movimento
2024-11-06 17:26:14,-7.84,0.31,-0.16,0.17,-0.07,-0.00,in movimento
2024-11-06 17:26:14,-7.95,-0.32,-0.35,0.33,0.00,-0.07,in movimento
2024-11-06 17:26:14,-7.88,-0.93,-0.53,0.40,-0.03,-0.10,in movimento
2024-11-06 17:26:14,-7.91,-1.78,-0.72,0.50,0.00,-0.10,in movimento
2024-11-06 17:26:14,-7.66,-2.47,-0.80,0.57,0.00,-0.10,in movimento
2024-11-06 17:26:14,-7.62,-3.30,-0.99,0.77,-0.13,-0.03,in movimento
2024-11-06 17:26:14,-7.72,-3.84,-1.43,1.10,-0.37,-0.00,in movimento
2024-11-06 17:26:14,-8.05,-3.82,-1.43,1.53,-0.50,0.10,in movimento
2024-11-06 17:26:14,-7.40,-3.83,-1.09,1.90,-0.43,0.10,in movimento
2024-11-06 17:26:14,-6.63,-4.13,-1.27,2.00,-0.13,-0.10,in movimento
2024-11-06 17:26:14,-5.79,-6.50,-2.14,2.40,0.43,-0.13,in movimento
2024-11-06 17:26:14,-8.93,-6.05,-3.91,2.97,0.60,0.67,in movimento
2024-11-06 17:26:14,-8.46,-5.62,-2.93,3.00,0.03,0.33,in movimento
2024-11-06 17:26:14,-5.97,-7.28,-2.75,3.33,0.00,0.10,in movimento
2024-11-06 17:26:14,-6.39,-8.41,-2.60,4.17,0.63,0.40,in movimento
2024-11-06 17:26:14,-8.50,-6.47,-2.26,4.93,0.97,1.00,in movimento
2024-11-06 17:26:14,-7.78,-5.10,-0.69,4.67,0.90,0.50,in movimento
2024-11-06 17:26:14,-7.65,-4.60,-0.40,3.60,0.57,0.33,in movimento
2024-11-06 17:26:14,-6.09,-6.60,-0.74,2.63,-0.27,0.20,in movimento
2024-11-06 17:26:14,-5.16,-7.96,1.18,2.60,-0.63,0.17,in movimento
2024-11-06 17:26:14,-4.31,-7.19,1.92,2.80,-0.30,0.17,in movimento
2024-11-06 17:26:14,-3.98,-6.85,1.85,2.80,0.07,0.30,in movimento
2024-11-06 17:26:14,-4.63,-6.92,3.17,2.80,0.07,0.40,in movimento
2024-11-06 17:26:14,-7.17,-4.64,5.18,2.63,-1.03,0.53,in movimento
2024-11-06 17:26:14,-7.15,-3.98,5.71,2.17,-1.53,0.37,in movimento
2024-11-06 17:26:14,-5.89,-4.27,4.72,1.83,-1.17,0.07,in movimento
2024-11-06 17:26:14,-4.20,-5.96,4.08,1.97,-0.23,-0.13,in movimento
2024-11-06 17:26:14,-3.08,-6.46,3.83,2.20,0.57,-0.20,in movimento
2024-11-06 17:26:14,-3.48,-6.02,4.55,2.23,0.23,-0.10,in movimento
2024-11-06 17:26:14,-4.23,-5.72,5.81,1.60,-0.97,0.13,in movimento
2024-11-06 17:26:14,-5.07,-5.02,6.55,0.87,-1.93,0.43,in movimento
2024-11-06 17:26:14,-4.77,-4.52,6.28,0.53,-1.80,0.47,in movimento
2024-11-06 17:26:14,-4.42,-4.26,5.30,0.50,-0.77,0.27,in movimento
2024-11-06 17:26:14,-4.24,-4.29,4.39,0.63,0.13,-0.00,in movimento
2024-11-06 17:26:14,-4.11,-4.57,4.15,0.73,0.50,-0.13,in movimento
2024-11-06 17:26:14,-3.95,-4.71,3.75,0.43,0.17,-0.17,in movimento
2024-11-06 17:26:14,-3.36,-4.91,2.90,0.00,-0.33,0.03,in movimento
2024-11-06 17:26:14,-2.97,-5.58,2.02,0.07,-0.17,0.10,in movimento
2024-11-06 17:26:14,-3.14,-5.79,1.86,0.43,0.43,-0.00,in movimento
2024-11-06 17:26:14,-3.35,-5.60,2.18,0.83,1.10,-0.20,in movimento
2024-11-06 17:26:14,-3.46,-4.96,2.05,0.53,0.77,-0.23,in movimento
2024-11-06 17:26:14,-3.09,-5.27,1.45,-0.17,-0.17,-0.03,in movimento
2024-11-06 17:26:14,-2.59,-5.56,0.75,-0.50,-0.53,0.10,in movimento
2024-11-06 17:26:14,-2.79,-5.54,0.14,-0.37,-0.17,0.10,in movimento
2024-11-06 17:26:14,-3.26,-5.39,-0.45,-0.23,0.07,0.07,in movimento
2024-11-06 17:26:14,-3.49,-5.46,-0.52,-0.13,0.07,0.03,in movimento
2024-11-06 17:26:14,-3.13,-5.57,0.06,-0.10,0.10,-0.00,in movimento
2024-11-06 17:26:14,-2.71,-5.62,0.72,-0.30,0.13,0.03,in movimento
2024-11-06 17:26:14,-2.24,-5.81,0.27,-0.83,0.17,0.27,in movimento
2024-11-06 17:26:14,-2.32,-5.82,-0.52,-0.70,0.30,0.37,in movimento
2024-11-06 17:26:14,-2.75,-5.56,-0.94,-0.40,0.37,0.37,in movimento
2024-11-06 17:26:14,-3.21,-5.12,-1.07,-0.13,0.23,0.20,in movimento
2024-11-06 17:26:14,-3.50,-4.76,-1.00,0.00,0.00,0.10,in movimento
2024-11-06 17:26:14,-3.29,-4.79,-1.11,-0.03,-0.30,0.03,in movimento
2024-11-06 17:26:14,-3.15,-4.97,-1.10,0.03,-0.23,-0.00,in movimento
2024-11-06 17:26:15,-3.05,-5.17,-0.81,0.27,0.00,-0.03,in movimento
2024-11-06 17:26:15,-3.03,-5.23,-0.29,0.47,0.13,-0.10,in movimento
2024-11-06 17:26:15,-3.24,-5.08,0.21,0.37,0.00,-0.07,in movimento
2024-11-06 17:26:15,-3.20,-4.89,0.17,0.03,-0.33,0.03,in movimento
2024-11-06 17:26:15,-3.18,-4.96,-0.00,-0.03,-0.47,0.13,in movimento
2024-11-06 17:26:15,-3.74,-4.47,0.54,0.33,-0.23,0.10,in movimento
2024-11-06 17:26:15,-4.20,-3.80,1.33,0.47,-0.03,0.03,in movimento
2024-11-06 17:26:15,-4.61,-3.21,1.98,0.27,0.00,-0.03,in movimento
2024-11-06 17:26:15,-4.67,-3.13,2.35,0.00,-0.13,-0.07,in movimento
2024-11-06 17:26:15,-4.86,-2.81,2.91,-0.10,-0.17,-0.10,in movimento
2024-11-06 17:26:15,-5.03,-2.52,3.60,-0.17,-0.07,-0.13,in movimento
2024-11-06 17:26:15,-5.50,-1.97,4.81,-0.37,-0.13,-0.20,in movimento
2024-11-06 17:26:15,-6.62,-1.06,6.82,-1.03,-0.40,-0.33,in movimento
2024-11-06 17:26:15,-6.47,-0.51,7.53,-2.10,-0.67,-0.53,in movimento
2024-11-06 17:26:15,-6.44,-1.56,7.76,-2.80,-0.50,-0.53,in movimento
2024-11-06 17:26:15,-6.26,-1.59,6.71,-2.90,-0.13,-0.53,in movimento
2024-11-06 17:26:15,-6.13,-2.09,5.77,-2.77,0.07,-0.43,in movimento
2024-11-06 17:26:15,-4.92,-1.68,4.64,-2.83,0.20,-0.80,in movimento
2024-11-06 17:26:15,-4.99,-2.37,3.99,-2.73,0.40,-0.93,in movimento
2024-11-06 17:26:15,-4.43,-1.93,3.66,-2.57,0.37,-0.73,in movimento
2024-11-06 17:26:15,-4.99,-1.64,4.02,-2.50,0.13,-0.67,in movimento
2024-11-06 17:26:15,-5.34,-1.58,3.84,-2.53,0.00,-0.77,in movimento
2024-11-06 17:26:15,-5.02,-2.02,2.44,-2.63,0.03,-0.83,in movimento
2024-11-06 17:26:15,-5.05,-2.67,1.29,-2.50,-0.07,-0.87,in movimento
2024-11-06 17:26:15,-4.75,-3.05,1.32,-2.20,-0.33,-0.93,in movimento
2024-11-06 17:26:15,-5.24,-3.19,1.70,-2.00,-0.43,-1.00,in movimento
2024-11-06 17:26:15,-5.23,-3.89,0.84,-2.00,-0.20,-1.20,in movimento
2024-11-06 17:26:15,-4.94,-4.12,0.45,-2.10,0.07,-1.33,in movimento
2024-11-06 17:26:15,-5.38,-4.30,0.39,-2.40,-0.17,-0.87,in movimento
2024-11-06 17:26:15,-5.98,-4.05,-0.23,-2.13,-0.27,-0.80,in movimento
2024-11-06 17:26:15,-6.41,-4.44,-1.50,-2.00,0.00,-1.00,in movimento
2024-11-06 17:26:15,-5.73,-4.85,-2.33,-2.00,0.07,-1.27,in movimento
2024-11-06 17:26:15,-6.47,-4.76,-3.10,-1.70,0.17,-1.10,in movimento
2024-11-06 17:26:15,-6.94,-4.89,-3.36,-1.73,-0.30,-0.87,in movimento
2024-11-06 17:26:15,-7.24,-5.04,-3.68,-1.47,-0.50,-0.77,in movimento
2024-11-06 17:26:15,-7.11,-4.69,-3.28,-1.17,-0.43,-0.70,in movimento
2024-11-06 17:26:15,Stop,,,,,,
2024-11-06 17:26:17,Start,,,,,,
2024-11-06 17:26:17,-7.18,-4.53,-3.11,-1.10,0.00,-0.63,in movimento
2024-11-06 17:26:17,-7.04,-4.12,-2.40,-1.07,0.47,-0.50,in movimento
2024-11-06 17:26:17,-7.61,-3.75,-2.17,-0.93,0.43,-0.37,in movimento
2024-11-06 17:26:17,-7.56,-3.23,-1.79,-0.77,0.13,-0.20,in movimento
2024-11-06 17:26:17,-7.55,-2.78,-1.63,-0.60,0.00,-0.13,in movimento
2024-11-06 17:26:17,-7.73,-2.07,-1.23,-0.60,0.07,-0.00,in movimento
2024-11-06 17:26:17,-8.20,-1.21,-0.77,-0.63,0.17,0.10,in movimento
2024-11-06 17:26:17,-8.04,-1.33,-0.79,-0.63,0.07,0.10,in movimento
2024-11-06 17:26:17,-8.58,-0.77,-0.61,-0.40,0.17,0.03,in movimento
2024-11-06 17:26:17,-8.56,-0.44,-0.50,-0.40,0.07,-0.00,in movimento
2024-11-06 17:26:17,-8.01,-0.57,-0.50,-0.30,0.20,-0.07,in movimento
2024-11-06 17:26:17,-8.30,-0.18,-0.37,-0.03,0.20,-0.00,in movimento
2024-11-06 17:26:17,-8.85,-0.10,-0.37,0.13,0.00,0.03,in movimento
2024-11-06 17:26:17,-8.80,0.41,-0.13,0.10,-0.10,-0.00,in movimento
2024-11-06 17:26:17,-8.52,0.52,-0.06,-0.17,0.13,-0.07,in movimento
2024-11-06 17:26:17,-7.76,0.15,-0.23,-0.23,0.27,-0.00,in movimento
2024-11-06 17:26:17,-8.92,-0.00,-0.34,0.17,0.00,0.10,in movimento
2024-11-06 17:26:17,-8.94,0.82,0.01,0.20,-0.23,0.17,in movimento
2024-11-06 17:26:17,-8.66,0.93,0.06,0.00,-0.13,0.07,in movimento
2024-11-06 17:26:17,-8.05,0.52,-0.08,0.00,-0.03,0.03,in movimento
2024-11-06 17:26:17,-8.38,0.09,-0.19,0.00,-0.27,0.17,in movimento
2024-11-06 17:26:17,-9.03,0.21,-0.14,0.00,-0.53,0.37,in movimento
2024-11-06 17:26:17,-8.79,0.38,-0.11,-0.10,-0.57,0.40,in movimento
2024-11-06 17:26:17,-8.65,0.18,-0.17,-0.13,-0.37,0.37,in movimento
2024-11-06 17:26:17,-8.87,0.12,-0.23,0.10,0.00,0.27,in movimento
2024-11-06 17:26:17,-9.73,0.23,-0.13,0.30,0.17,0.10,in movimento
2024-11-06 17:26:17,-10.01,0.45,-0.03,0.37,0.20,-0.03,in movimento
2024-11-06 17:26:17,-9.53,0.54,-0.03,0.30,0.07,-0.13,in movimento
2024-11-06 17:26:17,-8.55,-0.54,-0.40,0.27,-0.13,-0.03,in movimento
2024-11-06 17:26:17,-8.67,-0.65,-0.43,0.40,0.00,0.03,in movimento
2024-11-06 17:26:17,-8.89,-0.79,-0.50,0.50,0.07,-0.00,in movimento
2024-11-06 17:26:17,-8.91,-0.73,-0.47,0.40,0.00,0.07,in movimento
2024-11-06 17:26:17,-8.72,-1.25,-0.70,0.33,-0.07,0.13,in movimento
2024-11-06 17:26:17,-8.85,-2.04,-1.07,0.43,0.00,0.13,in movimento
2024-11-06 17:26:17,-8.93,-1.85,-0.95,0.63,0.07,0.13,in movimento
2024-11-06 17:26:17,-8.65,-2.23,-1.17,0.73,0.17,-0.00,in movimento
2024-11-06 17:26:17,-8.42,-2.55,-1.28,1.03,0.30,-0.00,in movimento
2024-11-06 17:26:17,-8.33,-2.75,-1.42,1.27,0.30,-0.00,in movimento
2024-11-06 17:26:17,-8.71,-3.06,-1.68,1.37,0.13,0.10,in movimento
2024-11-06 17:26:17,-8.91,-3.73,-2.06,1.63,0.03,0.03,in movimento
2024-11-06 17:26:17,-7.07,-3.90,-1.84,2.10,0.37,-0.37,in movimento
2024-11-06 17:26:17,-6.07,-5.33,-2.26,1.53,0.57,-0.43,in movimento
2024-11-06 17:26:17,-8.26,-4.82,-2.63,1.37,0.17,0.23,in movimento
2024-11-06 17:26:17,-8.69,-4.51,-2.01,1.20,-0.40,0.90,in movimento
2024-11-06 17:26:17,-8.95,-4.94,-1.97,1.33,-0.33,0.97,in movimento
2024-11-06 17:26:17,-7.89,-5.11,-2.40,1.67,0.13,0.67,in movimento
2024-11-06 17:26:17,-7.03,-5.14,-2.73,2.23,0.50,0.50,in movimento
2024-11-06 17:26:17,-7.74,-4.93,-2.35,2.80,0.27,0.60,in movimento
2024-11-06 17:26:17,-7.94,-4.79,-1.34,3.10,-0.37,0.73,in movimento
2024-11-06 17:26:17,-7.98,-4.15,-0.08,3.23,-0.70,0.83,in movimento
2024-11-06 17:26:17,-6.89,-4.52,0.37,3.10,-0.43,0.77,in movimento
2024-11-06 17:26:17,-6.23,-5.08,0.61,2.93,0.00,0.83,in movimento
2024-11-06 17:26:17,-6.60,-5.24,2.44,2.63,0.07,0.73,in movimento
2024-11-06 17:26:17,-6.70,-5.32,3.70,2.43,-0.30,0.67,in movimento
2024-11-06 17:26:17,-6.08,-5.11,3.37,2.30,-0.20,0.77,in movimento
2024-11-06 17:26:17,-4.83,-4.56,2.38,1.97,0.10,0.83,in movimento
2024-11-06 17:26:17,-5.72,-5.01,2.73,1.67,0.20,0.80,in movimento
2024-11-06 17:26:17,-5.34,-4.98,3.13,1.80,0.13,0.67,in movimento
2024-11-06 17:26:17,-5.29,-3.75,3.38,2.07,0.00,0.63,in movimento
2024-11-06 17:26:17,-5.09,-2.76,3.76,2.00,-0.13,0.63,in movimento
2024-11-06 17:26:17,-5.07,-3.05,4.14,1.63,-0.23,0.50,in movimento
2024-11-06 17:26:17,-5.07,-3.59,4.28,1.37,-0.23,0.43,in movimento
2024-11-06 17:26:17,-4.31,-4.22,2.65,1.30,0.10,0.47,in movimento
2024-11-06 17:26:17,-3.96,-4.32,1.42,1.27,0.03,0.47,in movimento
2024-11-06 17:26:17,-4.13,-4.28,1.60,1.17,-0.10,0.47,in movimento
2024-11-06 17:26:17,-5.71,-4.77,4.12,0.77,-1.10,0.40,in movimento
2024-11-06 17:26:17,-5.28,-4.81,4.31,0.63,-1.10,0.37,in movimento
2024-11-06 17:26:17,-4.71,-4.83,3.92,0.47,-0.67,0.17,in movimento
2024-11-06 17:26:17,-4.45,-5.22,2.99,0.53,0.17,-0.03,in movimento
2024-11-06 17:26:17,-4.35,-5.21,2.34,0.63,0.37,-0.10,in movimento
2024-11-06 17:26:17,-4.51,-5.24,1.97,0.53,0.33,-0.10,in movimento
2024-11-06 17:26:17,-4.02,-5.53,1.57,0.27,0.03,-0.13,in movimento
2024-11-06 17:26:17,-3.83,-5.75,1.40,0.13,-0.03,-0.13,in movimento
2024-11-06 17:26:17,-3.52,-5.87,1.18,0.00,-0.17,-0.07,in movimento
2024-11-06 17:26:17,-3.71,-5.78,1.13,0.00,-0.10,-0.00,in movimento
2024-11-06 17:26:17,-3.72,-5.45,0.73,0.07,0.03,-0.03,in movimento
2024-11-06 17:26:17,-3.81,-5.53,0.69,0.03,0.07,-0.07,in movimento
2024-11-06 17:26:17,-3.77,-5.48,0.46,-0.03,-0.10,-0.07,in movimento
2024-11-06 17:26:17,-3.59,-5.60,0.44,-0.03,-0.10,-0.10,in movimento
2024-11-06 17:26:17,-3.19,-5.45,0.08,0.03,-0.03,-0.10,in movimento
2024-11-06 17:26:17,-3.34,-5.60,0.19,0.07,0.07,-0.10,in movimento
2024-11-06 17:26:17,-3.14,-5.62,0.04,0.03,0.10,-0.13,in movimento
2024-11-06 17:26:17,-3.35,-5.67,0.17,0.03,-0.07,-0.03,in movimento
2024-11-06 17:26:17,-3.15,-5.47,0.27,0.00,-0.13,-0.03,in movimento
2024-11-06 17:26:17,-3.14,-5.22,0.28,-0.03,-0.13,-0.03,in movimento
2024-11-06 17:26:17,-3.26,-5.35,0.27,0.00,-0.03,-0.03,in movimento
2024-11-06 17:26:17,-2.93,-5.15,0.14,0.03,0.00,-0.07,in movimento
2024-11-06 17:26:17,-3.01,-5.16,0.30,0.03,-0.03,-0.07,in movimento
2024-11-06 17:26:17,-2.80,-5.12,0.34,0.07,-0.07,-0.07,in movimento
2024-11-06 17:26:17,-2.60,-5.19,0.21,0.00,0.00,-0.03,in movimento
2024-11-06 17:26:17,-2.57,-4.98,-0.21,0.00,0.03,-0.03,in movimento
2024-11-06 17:26:17,-2.83,-4.92,-0.11,0.07,0.00,-0.00,in movimento
2024-11-06 17:26:17,-2.52,-4.80,-0.10,0.10,-0.07,-0.00,in movimento
2024-11-06 17:26:17,-2.62,-4.76,0.01,0.10,-0.13,0.03,in movimento
2024-11-06 17:26:17,-2.71,-4.45,0.07,0.10,-0.17,0.07,in movimento
2024-11-06 17:26:17,-2.84,-3.94,0.37,0.07,-0.30,0.10,in movimento
2024-11-06 17:26:17,-3.27,-3.65,0.92,0.00,-0.43,0.13,in movimento
2024-11-06 17:26:17,-3.27,-3.47,1.21,-0.17,-0.73,0.10,in movimento
2024-11-06 17:26:17,-3.40,-3.64,1.25,-0.37,-0.83,0.10,in movimento
2024-11-06 17:26:17,-3.25,-3.61,0.86,-0.10,-0.53,-0.00,in movimento
2024-11-06 17:26:17,-3.12,-3.58,0.87,-0.10,-0.33,-0.00,in movimento
2024-11-06 17:26:17,-4.17,-3.20,1.58,0.17,0.00,-0.07,in movimento
2024-11-06 17:26:17,-4.19,-2.97,1.90,0.03,0.00,-0.17,in movimento
2024-11-06 17:26:17,-4.24,-2.84,2.01,-0.10,0.00,-0.20,in movimento
2024-11-06 17:26:17,-4.43,-2.73,1.98,-0.20,0.00,-0.27,in movimento
2024-11-06 17:26:17,-4.27,-2.71,1.96,-0.33,0.10,-0.30,in movimento
2024-11-06 17:26:17,-4.78,-2.57,2.98,-0.50,0.17,-0.17,in movimento
2024-11-06 17:26:17,-5.25,-2.30,3.39,-0.57,0.03,-0.13,in movimento
2024-11-06 17:26:17,-5.36,-1.35,4.03,-0.70,-0.27,-0.07,in movimento
2024-11-06 17:26:17,-5.61,-0.42,4.66,-1.03,-0.53,-0.10,in movimento
2024-11-06 17:26:17,-6.04,-0.58,6.09,-1.87,-0.77,0.03,in movimento
2024-11-06 17:26:17,-6.22,-0.39,6.31,-2.23,-1.00,0.13,in movimento
2024-11-06 17:26:17,-5.62,-0.03,5.84,-2.90,-0.83,-0.10,in movimento
2024-11-06 17:26:17,-5.60,0.36,5.34,-3.53,-0.03,-0.40,in movimento
2024-11-06 17:26:18,-5.62,0.35,5.22,-3.80,0.27,-0.53,in movimento
2024-11-06 17:26:18,-5.67,-0.17,3.36,-4.23,0.47,-0.57,in movimento
2024-11-06 17:26:18,-4.99,-1.23,2.89,-3.77,0.40,-0.63,in movimento
2024-11-06 17:26:18,-5.49,-1.43,2.95,-3.00,0.27,-1.13,in movimento
2024-11-06 17:26:18,-4.68,-1.88,2.84,-2.63,0.13,-1.53,in movimento
2024-11-06 17:26:18,-4.88,-2.13,3.37,-2.13,0.03,-1.63,in movimento
2024-11-06 17:26:18,-3.86,-3.28,3.51,-1.97,-0.10,-1.93,in movimento
2024-11-06 17:26:18,-4.16,-3.55,2.31,-1.80,0.27,-1.93,in movimento
2024-11-06 17:26:18,-4.38,-3.79,2.10,-1.73,1.03,-2.10,in movimento
2024-11-06 17:26:18,-5.40,-4.05,1.33,-1.70,1.37,-2.33,in movimento
2024-11-06 17:26:18,-5.24,-4.80,-0.06,-1.53,1.50,-2.67,in movimento
2024-11-06 17:26:18,-4.85,-4.95,-2.26,-1.20,1.57,-2.50,in movimento
2024-11-06 17:26:18,-4.84,-4.47,-2.88,-1.40,1.13,-2.00,in movimento
2024-11-06 17:26:18,-4.67,-4.29,-2.17,-1.90,0.67,-1.43,in movimento
2024-11-06 17:26:18,-5.73,-4.24,-3.18,-2.37,0.50,-0.90,in movimento
2024-11-06 17:26:18,-5.79,-4.06,-3.36,-2.37,0.63,-0.37,in movimento
2024-11-06 17:26:18,-6.28,-3.34,-2.01,-2.23,0.73,-0.10,in movimento
2024-11-06 17:26:18,-6.63,-3.24,-1.15,-1.93,0.70,0.03,in movimento
2024-11-06 17:26:18,-7.15,-2.75,-0.48,-1.57,0.60,-0.00,in movimento
2024-11-06 17:26:18,-6.99,-2.86,-0.55,-1.23,0.30,-0.03,in movimento
2024-11-06 17:26:18,-7.52,-2.39,-0.68,-0.77,0.13,-0.00,in movimento
2024-11-06 17:26:18,Stop,,,,,,
2024-11-06 17:26:19,Start,,,,,,
2024-11-06 17:26:19,-6.93,-2.14,-0.95,-0.73,-0.10,-0.00,in movimento
2024-11-06 17:26:19,-7.16,-2.20,-1.11,-0.63,-0.17,0.17,in movimento
2024-11-06 17:26:19,-6.99,-1.46,-0.71,-0.30,-0.27,0.30,in movimento
2024-11-06 17:26:19,-7.78,-0.33,-0.50,-0.20,-0.37,0.23,in movimento
2024-11-06 17:26:19,-7.72,-0.16,-0.45,-0.40,-0.47,0.30,in movimento
2024-11-06 17:26:19,-7.82,-0.58,-0.58,-0.43,-0.23,0.27,in movimento
2024-11-06 17:26:19,-8.55,-0.40,-0.55,-0.23,0.03,0.13,in movimento
2024-11-06 17:26:19,-8.45,-0.45,-0.50,-0.13,0.10,-0.10,in movimento
2024-11-06 17:26:19,-7.67,-0.08,-0.29,-0.07,0.23,-0.33,in movimento
2024-11-06 17:26:19,-7.93,-0.51,-0.48,0.03,0.10,-0.23,in movimento
2024-11-06 17:26:19,-7.91,0.09,-0.29,0.27,-0.13,-0.13,in movimento
2024-11-06 17:26:19,-7.10,0.45,-0.12,0.13,-0.17,-0.10,in movimento
2024-11-06 17:26:19,-7.05,0.66,-0.07,0.07,-0.10,-0.00,in movimento
2024-11-06 17:26:19,-7.41,0.44,-0.04,0.17,-0.20,0.20,in movimento
2024-11-06 17:26:19,-8.47,1.02,0.32,0.23,-0.20,0.27,in movimento
2024-11-06 17:26:19,-8.11,0.95,0.17,0.10,-0.03,0.03,in movimento
2024-11-06 17:26:19,-8.05,0.63,0.03,0.00,0.00,-0.00,in movimento
2024-11-06 17:26:19,-8.05,0.45,-0.06,0.00,0.00,0.03,in movimento
2024-11-06 17:26:19,-8.20,0.41,-0.11,0.03,0.07,0.10,in movimento
2024-11-06 17:26:19,-8.29,0.34,-0.14,0.03,0.07,0.10,in movimento
2024-11-06 17:26:19,-8.35,0.25,-0.17,0.10,-0.10,0.07,in movimento
2024-11-06 17:26:19,-8.42,0.49,-0.05,0.20,-0.30,0.10,in movimento
2024-11-06 17:26:19,-8.11,0.31,0.01,0.20,-0.33,0.13,in movimento
2024-11-06 17:26:19,-8.07,0.06,0.01,0.23,0.00,0.10,in movimento
2024-11-06 17:26:19,-8.19,-0.15,-0.09,0.23,0.33,0.03,in movimento
2024-11-06 17:26:19,-8.29,-0.37,-0.18,0.23,0.43,-0.00,in movimento
2024-11-06 17:26:19,-8.22,-0.34,-0.23,0.37,0.33,0.03,in movimento
2024-11-06 17:26:19,-8.16,0.07,-0.10,0.30,0.37,0.03,in movimento
2024-11-06 17:26:19,-8.53,0.17,-0.08,0.20,0.50,0.03,in movimento
2024-11-06 17:26:19,-8.80,-0.04,-0.18,0.17,0.33,0.07,in movimento
2024-11-06 17:26:19,-8.59,-0.28,-0.27,0.20,0.10,0.07,in movimento
2024-11-06 17:26:19,-8.65,-0.26,-0.27,0.30,0.00,0.07,in movimento
2024-11-06 17:26:19,-8.55,-0.24,-0.22,0.40,0.00,0.03,in movimento
2024-11-06 17:26:19,-8.51,-0.88,-0.40,0.43,0.00,-0.03,in movimento
2024-11-06 17:26:19,-8.14,-1.69,-0.74,0.50,0.13,-0.07,in movimento
2024-11-06 17:26:19,-7.70,-2.84,-1.28,0.57,0.20,-0.10,in movimento
2024-11-06 17:26:19,-7.34,-3.74,-1.65,0.63,0.17,-0.00,in movimento
2024-11-06 17:26:19,-8.11,-3.62,-1.79,0.80,0.00,0.23,in movimento
2024-11-06 17:26:19,-8.48,-3.45,-1.68,0.93,-0.37,0.37,in movimento
2024-11-06 17:26:19,-8.09,-3.79,-1.76,0.97,-0.30,0.27,in movimento
2024-11-06 17:26:19,-8.28,-4.15,-2.08,1.23,-0.10,0.27,in movimento
2024-11-06 17:26:19,-8.22,-4.55,-2.46,1.53,-0.10,0.27,in movimento
2024-11-06 17:26:19,-7.59,-5.24,-2.71,1.93,0.00,0.23,in movimento
2024-11-06 17:26:19,-7.02,-6.71,-3.33,2.60,0.13,-0.03,in movimento
2024-11-06 17:26:19,-6.95,-6.12,-2.81,3.77,0.23,-0.27,in movimento
2024-11-06 17:26:19,-7.26,-6.08,-3.40,4.10,-0.27,-0.20,in movimento
2024-11-06 17:26:19,-6.66,-6.80,-3.79,3.77,-0.83,0.37,in movimento
2024-11-06 17:26:19,-3.73,-6.60,-2.15,3.10,-0.57,1.13,in movimento
2024-11-06 17:26:19,-4.28,-6.46,-2.12,2.97,0.17,1.50,in movimento
2024-11-06 17:26:19,-7.74,-6.13,-0.12,3.60,0.13,0.97,in movimento
2024-11-06 17:26:19,-5.56,-5.80,-0.15,3.43,-0.53,0.30,in movimento
2024-11-06 17:26:19,-4.65,-4.71,0.98,2.73,-0.63,0.33,in movimento
2024-11-06 17:26:19,-5.10,-4.67,1.65,2.27,-0.80,0.43,in movimento
2024-11-06 17:26:19,-4.08,-6.01,2.26,2.30,-0.90,0.37,in movimento
2024-11-06 17:26:19,-3.61,-6.49,3.00,2.60,-0.73,0.33,in movimento
2024-11-06 17:26:19,-3.52,-5.60,3.70,2.70,-0.60,0.27,in movimento
2024-11-06 17:26:19,-4.10,-4.57,3.81,2.30,-0.63,0.30,in movimento
2024-11-06 17:26:19,-4.08,-5.08,3.51,1.60,-0.93,0.40,in movimento
2024-11-06 17:26:19,-3.23,-6.42,3.39,1.33,-1.20,0.40,in movimento
2024-11-06 17:26:19,-2.23,-6.84,3.66,1.63,-1.30,0.50,in movimento
2024-11-06 17:26:19,-2.28,-6.80,4.10,1.80,-1.13,0.70,in movimento
2024-11-06 17:26:19,-3.35,-6.31,5.31,1.70,-0.90,0.77,in movimento
2024-11-06 17:26:19,-3.95,-5.09,5.19,1.33,-0.93,0.73,in movimento
2024-11-06 17:26:19,-3.79,-4.38,4.61,1.17,-1.27,0.70,in movimento
2024-11-06 17:26:19,-3.57,-4.16,4.10,0.87,-1.17,0.73,in movimento
2024-11-06 17:26:19,-3.88,-3.88,3.90,0.80,-0.87,0.77,in movimento
2024-11-06 17:26:19,-3.97,-3.52,3.42,0.77,-0.50,0.53,in movimento
2024-11-06 17:26:19,-3.93,-3.42,3.01,0.57,-0.27,0.37,in movimento
2024-11-06 17:26:19,-4.35,-3.57,3.03,0.43,-0.23,0.33,in movimento
2024-11-06 17:26:19,-4.04,-3.49,2.71,0.50,-0.13,0.23,in movimento
2024-11-06 17:26:19,-3.37,-3.36,2.14,0.47,0.10,0.07,in movimento
2024-11-06 17:26:19,-3.32,-3.51,1.94,0.27,0.30,0.07,in movimento
2024-11-06 17:26:19,-3.33,-3.42,1.83,0.03,0.17,0.03,in movimento
2024-11-06 17:26:19,-3.50,-3.95,1.83,-0.07,0.00,0.03,in movimento
2024-11-06 17:26:19,-2.99,-4.12,1.30,-0.03,-0.10,-0.00,in movimento
2024-11-06 17:26:19,-2.79,-4.23,0.95,-0.07,0.00,-0.07,in movimento
2024-11-06 17:26:19,-2.92,-4.51,0.82,-0.13,0.10,-0.10,in movimento
2024-11-06 17:26:19,-2.78,-4.50,0.77,0.00,0.17,-0.17,in movimento
2024-11-06 17:26:19,-2.18,-4.77,0.57,-0.13,0.10,-0.03,in movimento
2024-11-06 17:26:20,-2.19,-5.00,0.67,-0.23,0.03,-0.07,in movimento
2024-11-06 17:26:20,-1.98,-5.10,0.67,-0.23,0.03,-0.13,in movimento
2024-11-06 17:26:20,-1.78,-5.01,0.49,-0.20,0.07,-0.13,in movimento
2024-11-06 17:26:20,-1.90,-5.11,0.44,-0.17,0.17,-0.03,in movimento
2024-11-06 17:26:20,-1.94,-4.50,-0.06,-0.10,0.17,0.03,in movimento
2024-11-06 17:26:20,-2.12,-4.26,-0.35,-0.10,0.20,0.07,in movimento
2024-11-06 17:26:20,-2.29,-3.97,-0.43,-0.10,0.20,0.10,in movimento
2024-11-06 17:26:20,-2.35,-3.76,-0.71,-0.07,0.13,0.03,in movimento
2024-11-06 17:26:20,-2.09,-4.07,-0.99,0.00,0.03,0.03,in movimento
2024-11-06 17:26:20,-2.15,-4.34,-0.66,0.03,0.00,0.10,in movimento
2024-11-06 17:26:20,-2.13,-4.43,-0.30,0.10,-0.03,-0.00,in movimento
2024-11-06 17:26:20,-2.27,-4.20,0.02,0.10,-0.07,-0.00,in movimento
2024-11-06 17:26:20,-2.30,-4.05,0.13,0.10,-0.03,-0.00,in movimento
2024-11-06 17:26:20,-2.87,-3.66,0.62,0.10,0.13,-0.00,in movimento
2024-11-06 17:26:20,-4.00,-2.93,1.81,0.13,0.27,-0.17,in movimento
2024-11-06 17:26:20,-4.21,-2.34,2.58,0.10,0.27,-0.50,in movimento
2024-11-06 17:26:20,-4.21,-2.17,2.58,0.10,0.27,-0.50,in movimento
2024-11-06 17:26:20,-4.38,-1.42,3.76,-0.20,0.33,-0.63,in movimento
2024-11-06 17:26:20,-5.78,-0.89,5.63,-0.67,0.20,-0.57,in movimento
2024-11-06 17:26:20,-6.18,0.15,7.46,-1.83,-0.13,-0.70,in movimento
2024-11-06 17:26:20,-5.37,-1.21,7.04,-3.43,0.20,-1.10,in movimento
2024-11-06 17:26:20,-5.18,-1.48,6.35,-3.33,0.37,-1.27,in movimento
2024-11-06 17:26:20,-4.65,-2.38,5.77,-2.90,0.87,-1.40,in movimento
2024-11-06 17:26:20,-4.44,-2.22,5.61,-2.93,1.13,-1.43,in movimento
2024-11-06 17:26:20,-4.30,-2.17,6.05,-3.20,1.07,-1.03,in movimento
2024-11-06 17:26:20,-4.85,-1.79,5.06,-3.57,1.00,-0.63,in movimento
2024-11-06 17:26:20,-4.59,-1.97,3.75,-3.37,0.80,-0.27,in movimento
2024-11-06 17:26:20,-4.79,-2.07,2.34,-2.77,0.70,-0.40,in movimento
2024-11-06 17:26:20,-5.02,-2.17,1.09,-2.63,0.30,-0.53,in movimento
2024-11-06 17:26:20,-5.07,-2.20,1.34,-2.67,-0.40,-0.33,in movimento
2024-11-06 17:26:20,-4.38,-2.19,3.91,-2.67,-1.30,-0.63,in movimento
2024-11-06 17:26:20,-3.40,-3.84,1.56,-2.57,-0.03,-0.97,in movimento
2024-11-06 17:26:20,-3.99,-4.11,0.90,-2.30,0.27,-1.13,in movimento
2024-11-06 17:26:20,-4.42,-3.93,1.42,-2.13,0.13,-1.17,in movimento
2024-11-06 17:26:20,-4.45,-4.42,1.77,-2.13,0.03,-1.13,in movimento
2024-11-06 17:26:20,-3.88,-5.82,1.01,-2.23,0.60,-1.23,in movimento
2024-11-06 17:26:20,-4.68,-5.62,-1.25,-2.17,1.20,-1.17,in movimento
2024-11-06 17:26:20,-4.48,-6.52,-1.24,-2.40,1.07,-0.87,in movimento
2024-11-06 17:26:20,Stop,,,,,,
2024-11-06 17:26:22,Start,,,,,,
2024-11-06 17:26:22,-5.17,-6.15,-2.40,-2.13,1.10,-0.60,in movimento
2024-11-06 17:26:22,-5.69,-6.06,-3.51,-2.00,0.83,-0.43,in movimento
2024-11-06 17:26:22,-6.50,-5.52,-3.51,-1.70,0.67,-0.27,in movimento
2024-11-06 17:26:22,-7.39,-4.86,-2.54,-1.67,0.53,-0.43,in movimento
2024-11-06 17:26:22,-6.87,-4.44,-0.24,-1.53,0.60,-0.50,in movimento
2024-11-06 17:26:22,-7.04,-4.39,-1.44,-1.10,0.57,-0.30,in movimento
2024-11-06 17:26:22,-7.75,-4.37,-0.00,-0.50,0.37,-0.10,in movimento
2024-11-06 17:26:22,-8.43,-3.26,-0.93,-0.33,0.07,-0.00,in movimento
2024-11-06 17:26:22,-8.88,-2.34,-0.79,-0.60,-0.03,0.17,in movimento
2024-11-06 17:26:22,-8.55,-2.10,-0.50,-0.67,-0.13,0.20,in movimento
2024-11-06 17:26:22,-8.02,-1.85,-0.46,-0.33,-0.07,0.07,in movimento
2024-11-06 17:26:22,-8.48,-1.63,-0.68,0.00,0.00,-0.00,in movimento
2024-11-06 17:26:22,-8.58,-1.00,-0.51,0.00,-0.10,-0.00,in movimento
2024-11-06 17:26:22,-8.59,-0.99,-0.50,-0.10,-0.17,0.07,in movimento
2024-11-06 17:26:22,-7.94,-0.73,-0.36,-0.20,-0.07,0.10,in movimento
2024-11-06 17:26:22,-8.03,-0.67,-0.35,0.00,0.00,0.07,in movimento
2024-11-06 17:26:22,-8.92,-0.10,-0.10,0.10,-0.10,0.13,in movimento
2024-11-06 17:26:22,-9.09,-0.04,-0.04,-0.03,-0.17,0.20,in movimento
2024-11-06 17:26:22,-8.70,0.04,-0.11,-0.07,-0.10,0.17,in movimento
2024-11-06 17:26:22,-8.21,-0.01,-0.14,0.00,0.00,0.03,in movimento
2024-11-06 17:26:22,-8.80,-0.01,-0.10,0.23,0.00,-0.00,in movimento
2024-11-06 17:26:22,-9.09,-0.03,0.02,0.20,-0.03,0.03,in movimento
2024-11-06 17:26:22,-8.37,-0.02,-0.01,0.03,0.00,0.03,in movimento
2024-11-06 17:26:22,-8.56,-0.43,-0.23,0.03,0.03,0.03,in movimento
2024-11-06 17:26:22,-8.42,-0.41,-0.23,0.20,0.00,-0.00,in movimento
2024-11-06 17:26:22,-8.58,-0.14,-0.10,0.20,-0.13,0.03,in movimento
2024-11-06 17:26:22,-8.69,-0.71,-0.23,0.17,-0.13,0.10,in movimento
2024-11-06 17:26:22,-8.67,-1.47,-0.61,0.20,0.07,0.03,in movimento
2024-11-06 17:26:22,-8.57,-1.80,-0.76,0.27,0.13,-0.00,in movimento
2024-11-06 17:26:22,-8.30,-2.13,-0.81,0.43,0.17,-0.07,in movimento
2024-11-06 17:26:22,-7.86,-3.03,-1.18,0.47,0.00,-0.00,in movimento
2024-11-06 17:26:22,-7.92,-3.65,-1.52,0.67,0.00,0.17,in movimento
2024-11-06 17:26:22,-8.03,-4.41,-1.98,0.87,0.00,0.27,in movimento
2024-11-06 17:26:22,-8.06,-4.68,-2.13,1.07,-0.03,0.27,in movimento
2024-11-06 17:26:22,-8.60,-3.72,-1.62,1.37,-0.20,0.50,in movimento
2024-11-06 17:26:22,-8.25,-4.10,-1.85,1.63,-0.40,0.60,in movimento
2024-11-06 17:26:22,-7.68,-5.60,-2.76,2.10,-0.27,0.33,in movimento
2024-11-06 17:26:22,-6.66,-6.59,-2.50,2.67,0.03,0.03,in movimento
2024-11-06 17:26:22,-6.06,-6.39,-3.33,3.53,0.40,0.17,in movimento
2024-11-06 17:26:22,-5.10,-6.95,-3.49,4.43,0.87,0.90,in movimento
2024-11-06 17:26:22,-5.27,-8.19,-3.66,4.77,0.80,1.23,in movimento
2024-11-06 17:26:22,-6.90,-7.61,0.19,4.40,0.00,1.67,in movimento
2024-11-06 17:26:22,-6.19,-6.56,0.94,3.27,-1.27,1.27,in movimento
2024-11-06 17:26:22,-4.75,-6.62,0.63,1.97,-2.07,1.20,in movimento
2024-11-06 17:26:22,-3.82,-6.56,0.84,1.33,-1.90,1.53,in movimento
2024-11-06 17:26:22,-4.22,-6.01,0.55,1.67,-1.27,1.63,in movimento
2024-11-06 17:26:22,-3.72,-5.24,-0.12,2.27,-0.63,1.17,in movimento
2024-11-06 17:26:22,-3.38,-5.43,0.12,2.67,-0.03,0.80,in movimento
2024-11-06 17:26:22,-3.12,-5.48,1.76,2.83,0.20,0.47,in movimento
2024-11-06 17:26:22,-3.91,-4.99,3.50,3.07,0.00,0.53,in movimento
2024-11-06 17:26:22,-4.41,-4.24,3.89,2.87,-0.20,0.37,in movimento
2024-11-06 17:26:22,-3.94,-4.58,3.83,2.27,-0.30,0.20,in movimento
2024-11-06 17:26:22,-3.24,-5.47,3.23,1.93,-0.17,0.13,in movimento
2024-11-06 17:26:22,-3.20,-5.25,3.11,2.27,0.00,-0.00,in movimento
2024-11-06 17:26:22,-3.68,-4.44,3.36,2.37,0.17,-0.00,in movimento
2024-11-06 17:26:22,-4.24,-4.31,4.07,2.27,0.10,-0.07,in movimento
2024-11-06 17:26:22,-3.74,-3.88,4.83,1.93,-0.07,-0.00,in movimento
2024-11-06 17:26:22,-4.47,-3.31,5.01,1.47,-0.27,0.13,in movimento
2024-11-06 17:26:22,-4.48,-3.21,4.78,1.13,-0.37,0.13,in movimento
2024-11-06 17:26:22,-3.91,-3.70,4.07,1.07,-0.10,0.03,in movimento
2024-11-06 17:26:22,-3.63,-3.61,3.84,1.07,0.20,-0.10,in movimento
2024-11-06 17:26:22,-3.58,-3.79,4.04,0.93,0.20,-0.10,in movimento
2024-11-06 17:26:22,-3.60,-3.76,4.57,0.73,-0.07,-0.03,in movimento
2024-11-06 17:26:22,-3.03,-3.88,3.91,0.13,-0.23,0.07,in movimento
2024-11-06 17:26:22,-3.03,-3.88,3.91,0.13,-0.23,0.07,in movimento
2024-11-06 17:26:22,-2.73,-3.96,2.63,-0.07,0.07,0.03,in movimento
2024-11-06 17:26:22,-2.65,-3.98,1.92,0.00,0.20,0.03,in movimento
2024-11-06 17:26:22,-2.49,-4.04,1.38,0.03,0.23,-0.00,in movimento
2024-11-06 17:26:22,-2.29,-3.88,0.80,0.00,0.20,-0.00,in movimento
2024-11-06 17:26:22,-2.43,-3.99,0.59,-0.10,0.07,-0.03,in movimento
2024-11-06 17:26:22,-2.17,-4.28,0.48,-0.20,-0.13,0.07,in movimento
2024-11-06 17:26:22,-2.29,-4.36,0.20,-0.23,0.00,0.10,in movimento
2024-11-06 17:26:22,-2.39,-4.37,-0.18,-0.27,0.07,-0.00,in movimento
2024-11-06 17:26:22,-2.27,-4.37,-0.38,-0.27,0.10,-0.00,in movimento
2024-11-06 17:26:22,-2.06,-4.41,-0.66,-0.23,0.13,-0.03,in movimento
2024-11-06 17:26:22,-1.84,-4.47,-0.81,-0.10,0.10,-0.00,in movimento
2024-11-06 17:26:22,-1.96,-4.43,-0.74,0.00,0.00,0.10,in movimento
2024-11-06 17:26:22,-2.36,-4.36,-0.41,0.07,-0.10,0.10,in movimento
2024-11-06 17:26:22,-2.42,-3.93,-0.16,0.03,-0.13,-0.00,in movimento
2024-11-06 17:26:22,-2.61,-3.73,0.10,-0.03,-0.03,-0.00,in movimento
2024-11-06 17:26:22,-2.90,-3.76,0.34,0.00,0.03,-0.00,in movimento
2024-11-06 17:26:22,-2.74,-3.49,0.35,0.13,0.10,-0.00,in movimento
2024-11-06 17:26:22,-2.85,-3.24,0.55,0.13,0.10,-0.00,in movimento
2024-11-06 17:26:22,-3.62,-2.89,1.24,0.07,0.00,-0.00,in movimento
2024-11-06 17:26:22,-4.64,-1.96,2.79,-0.13,-0.23,-0.10,in movimento
2024-11-06 17:26:22,-4.87,-1.38,4.79,-0.70,-0.43,-0.30,in movimento
2024-11-06 17:26:22,-5.54,-1.11,6.55,-1.47,-0.33,-0.53,in movimento
2024-11-06 17:26:22,-5.53,-1.36,6.67,-2.30,0.00,-0.87,in movimento
2024-11-06 17:26:22,-5.87,-1.80,6.67,-2.13,0.00,-0.63,in movimento
2024-11-06 17:26:22,-5.28,-0.53,6.81,-2.07,0.13,-0.70,in movimento
2024-11-06 17:26:22,-5.49,-0.58,6.92,-2.77,0.23,-0.73,in movimento
2024-11-06 17:26:22,-4.93,-1.56,6.60,-3.23,0.47,-0.60,in movimento
2024-11-06 17:26:22,-4.45,-1.78,5.73,-3.03,0.87,-0.37,in movimento
2024-11-06 17:26:22,-4.87,-1.91,4.95,-3.00,1.10,-0.60,in movimento
2024-11-06 17:26:22,-5.45,-0.39,4.19,-3.20,0.90,-0.80,in movimento
2024-11-06 17:26:22,-5.07,-0.90,3.68,-3.77,0.33,-0.43,in movimento
2024-11-06 17:26:22,-5.21,-1.68,3.21,-3.50,-0.37,-0.27,in movimento
2024-11-06 17:26:22,-4.03,-2.02,1.75,-3.03,-0.67,-0.77,in movimento
2024-11-06 17:26:22,-3.63,-2.74,1.40,-2.60,-0.47,-1.07,in movimento
2024-11-06 17:26:22,-3.74,-2.83,2.53,-2.43,-0.27,-1.20,in movimento
2024-11-06 17:26:22,-3.01,-3.38,1.24,-2.43,0.33,-1.00,in movimento
2024-11-06 17:26:22,-4.19,-3.46,0.70,-2.60,0.13,-0.90,in movimento
2024-11-06 17:26:22,-2.96,-4.14,-0.21,-2.80,-0.03,-1.07,in movimento
2024-11-06 17:26:22,-3.77,-4.44,-0.84,-2.67,-0.07,-0.87,in movimento
2024-11-06 17:26:22,-4.42,-5.11,-1.92,-2.43,-0.03,-0.70,in movimento
2024-11-06 17:26:22,-4.96,-4.97,-2.52,-2.07,0.03,-0.77,in movimento
2024-11-06 17:26:22,-5.58,-4.49,-2.52,-1.83,0.17,-0.83,in movimento
2024-11-06 17:26:22,-6.01,-4.57,-2.57,-1.90,0.20,-0.93,in movimento
2024-11-06 17:26:22,-6.28,-4.93,-2.97,-1.87,0.20,-0.87,in movimento
2024-11-06 17:26:22,-6.10,-5.20,-3.31,-1.63,0.20,-0.70,in movimento
2024-11-06 17:26:22,-6.65,-5.47,-3.57,-1.17,0.17,-0.63,in movimento
2024-11-06 17:26:22,-7.12,-4.58,-2.63,-0.77,0.10,-0.63,in movimento
2024-11-06 17:26:23,Stop,,,,,,
2024-11-06 17:26:24,-6.78,-4.11,-2.17,-1.03,0.03,-0.57,in movimento
2024-11-06 17:26:24,Start,,,,,,
2024-11-06 17:26:24,-6.85,-4.27,-2.00,-1.00,0.13,-0.30,in movimento
2024-11-06 17:26:24,-6.98,-3.98,-1.65,-0.70,0.17,-0.10,in movimento
2024-11-06 17:26:24,-7.43,-3.29,-1.11,-0.40,0.00,-0.03,in movimento
2024-11-06 17:26:24,-7.86,-2.56,-1.04,-0.47,-0.10,-0.00,in movimento
2024-11-06 17:26:24,-8.10,-2.06,-0.97,-0.77,-0.03,0.13,in movimento
2024-11-06 17:26:24,-8.11,-2.19,-0.78,-0.63,0.07,0.27,in movimento
2024-11-06 17:26:24,-8.55,-1.81,-0.58,-0.23,0.13,0.27,in movimento
2024-11-06 17:26:24,-9.01,-1.66,-0.54,0.03,-0.07,0.10,in movimento
2024-11-06 17:26:24,-9.92,-0.76,-0.39,0.17,-0.10,-0.00,in movimento
2024-11-06 17:26:24,-9.14,0.00,-0.14,-0.07,0.00,-0.10,in movimento
2024-11-06 17:26:24,-8.35,-0.62,-0.29,0.00,0.13,-0.13,in movimento
2024-11-06 17:26:24,-8.70,-1.08,-0.49,0.33,0.00,-0.03,in movimento
2024-11-06 17:26:24,-9.58,-0.27,-0.23,0.47,-0.43,0.10,in movimento
2024-11-06 17:26:24,-8.88,0.87,0.17,0.03,-0.77,0.13,in movimento
2024-11-06 17:26:24,-8.63,-0.45,-0.10,-0.50,-0.43,0.20,in movimento
2024-11-06 17:26:24,-8.74,-0.22,-0.12,-0.13,0.07,0.33,in movimento
2024-11-06 17:26:24,-9.21,-0.35,-0.20,0.17,0.30,0.13,in movimento
2024-11-06 17:26:24,-8.86,0.02,-0.12,0.47,0.23,-0.20,in movimento
2024-11-06 17:26:24,-9.11,0.87,0.29,0.33,0.23,-0.17,in movimento
2024-11-06 17:26:24,-9.36,0.37,0.15,-0.10,-0.03,0.13,in movimento
2024-11-06 17:26:24,-8.86,-0.07,-0.04,-0.07,-0.10,0.27,in movimento
2024-11-06 17:26:24,-9.21,-0.59,-0.25,0.17,0.07,0.17,in movimento
2024-11-06 17:26:24,-9.36,0.10,-0.06,0.43,0.03,-0.00,in movimento
2024-11-06 17:26:24,-9.80,0.51,0.15,0.17,-0.10,0.07,in movimento
2024-11-06 17:26:24,-9.11,-0.38,-0.14,0.07,-0.23,0.10,in movimento
2024-11-06 17:26:24,-9.03,-0.64,-0.25,0.20,0.00,0.10,in movimento
2024-11-06 17:26:24,-9.31,-0.72,-0.29,0.37,0.13,0.03,in movimento
2024-11-06 17:26:24,-9.29,-1.00,-0.39,0.33,0.03,-0.00,in movimento
2024-11-06 17:26:24,-8.95,-1.41,-0.55,0.40,0.00,-0.00,in movimento
2024-11-06 17:26:24,-8.95,-2.00,-0.82,0.43,0.07,0.03,in movimento
2024-11-06 17:26:24,-8.71,-2.38,-0.99,0.50,0.07,0.03,in movimento
2024-11-06 17:26:24,-8.64,-2.87,-1.25,0.60,0.07,0.03,in movimento
2024-11-06 17:26:24,-8.71,-3.37,-1.50,0.73,0.03,0.10,in movimento
2024-11-06 17:26:24,-8.18,-3.61,-1.56,0.97,0.00,0.17,in movimento
2024-11-06 17:26:24,-8.38,-4.13,-1.92,1.47,0.07,0.30,in movimento
2024-11-06 17:26:24,-7.67,-4.33,-1.91,1.80,0.03,0.27,in movimento
2024-11-06 17:26:24,-7.38,-4.90,-2.40,2.37,0.03,0.30,in movimento
2024-11-06 17:26:24,-7.39,-5.38,-3.11,3.03,-0.07,0.27,in movimento
2024-11-06 17:26:24,-6.81,-5.61,-3.54,3.33,-0.37,0.20,in movimento
2024-11-06 17:26:24,-6.14,-5.19,-3.32,3.60,-0.57,0.50,in movimento
2024-11-06 17:26:24,-5.39,-5.51,-3.49,3.50,-0.73,0.67,in movimento
2024-11-06 17:26:24,-4.74,-5.86,-2.72,3.30,-0.83,0.63,in movimento
2024-11-06 17:26:24,-4.61,-6.48,-1.09,3.33,-0.83,0.73,in movimento
2024-11-06 17:26:24,-5.09,-6.49,0.28,3.43,-0.63,0.73,in movimento
2024-11-06 17:26:24,-3.95,-5.69,0.43,3.07,-0.23,0.57,in movimento
2024-11-06 17:26:24,-2.78,-6.35,0.03,2.40,0.20,0.63,in movimento
2024-11-06 17:26:24,-3.62,-6.97,0.09,2.13,0.17,0.87,in movimento
2024-11-06 17:26:24,-4.28,-6.79,1.05,2.53,-0.23,0.83,in movimento
2024-11-06 17:26:24,-3.92,-5.52,1.41,2.57,-0.23,0.87,in movimento
2024-11-06 17:26:24,-3.94,-5.41,2.03,2.27,0.00,0.87,in movimento
2024-11-06 17:26:24,-4.16,-4.84,2.56,2.07,0.00,0.93,in movimento
2024-11-06 17:26:24,-4.41,-5.08,2.84,2.00,0.07,0.90,in movimento
2024-11-06 17:26:24,-3.20,-4.25,2.60,2.27,0.23,0.70,in movimento
2024-11-06 17:26:24,-3.99,-4.04,3.41,2.20,0.13,0.67,in movimento
2024-11-06 17:26:24,-5.18,-3.21,5.40,1.87,-0.27,0.57,in movimento
2024-11-06 17:26:24,-4.45,-3.84,5.35,1.57,0.10,0.37,in movimento
2024-11-06 17:26:24,-3.64,-3.64,4.60,1.50,0.43,0.27,in movimento
2024-11-06 17:26:24,-3.04,-4.27,3.88,1.43,0.90,0.13,in movimento
2024-11-06 17:26:24,-2.85,-5.04,3.94,1.30,0.00,0.17,in movimento
2024-11-06 17:26:24,-2.85,-4.87,3.94,1.30,0.00,0.17,in movimento
2024-11-06 17:26:24,-3.03,-4.55,3.55,0.70,-0.30,0.40,in movimento
2024-11-06 17:26:24,-3.36,-4.28,2.94,0.60,-0.10,0.30,in movimento
2024-11-06 17:26:24,-3.50,-4.39,2.87,0.73,-0.03,0.23,in movimento
2024-11-06 17:26:24,-3.49,-4.00,2.79,0.80,-0.13,0.23,in movimento
2024-11-06 17:26:24,-3.19,-3.71,2.68,0.67,-0.20,0.23,in movimento
2024-11-06 17:26:24,-3.23,-3.55,2.36,0.30,-0.37,0.23,in movimento
2024-11-06 17:26:24,-3.57,-3.57,1.97,-0.03,-0.73,0.30,in movimento
2024-11-06 17:26:24,-3.74,-3.64,1.66,-0.10,-0.90,0.30,in movimento
2024-11-06 17:26:24,-3.84,-3.80,1.50,-0.03,-0.73,0.27,in movimento
2024-11-06 17:26:24,-3.41,-3.99,0.88,0.03,-0.23,0.13,in movimento
2024-11-06 17:26:24,-3.61,-4.08,1.02,0.07,-0.20,0.10,in movimento
2024-11-06 17:26:24,-3.28,-4.24,1.07,0.10,-0.27,0.03,in movimento
2024-11-06 17:26:24,-2.98,-4.44,0.90,-0.03,-0.27,-0.00,in movimento
2024-11-06 17:26:24,-2.73,-4.52,0.63,-0.07,-0.13,-0.00,in movimento
2024-11-06 17:26:24,-3.02,-4.38,0.73,0.00,-0.03,-0.00,in movimento
2024-11-06 17:26:24,-3.16,-4.16,0.87,0.00,-0.07,-0.03,in movimento
2024-11-06 17:26:24,-2.97,-4.50,0.71,-0.03,-0.07,-0.03,in movimento
2024-11-06 17:26:24,-2.66,-4.38,0.32,-0.03,0.00,-0.07,in movimento
2024-11-06 17:26:24,-2.62,-4.41,0.20,0.00,0.17,-0.10,in movimento
2024-11-06 17:26:24,-2.65,-4.26,0.20,0.10,0.20,-0.07,in movimento
2024-11-06 17:26:24,-2.93,-4.26,0.50,0.17,0.20,-0.07,in movimento
2024-11-06 17:26:24,-2.92,-4.29,0.47,0.03,0.00,-0.07,in movimento
2024-11-06 17:26:24,-2.58,-4.34,0.17,0.00,-0.03,-0.07,in movimento
2024-11-06 17:26:24,-2.69,-4.36,0.22,0.03,0.03,-0.10,in movimento
2024-11-06 17:26:24,-2.59,-4.39,0.27,0.10,0.10,-0.10,in movimento
2024-11-06 17:26:24,-2.52,-4.46,0.35,0.10,0.10,-0.03,in movimento
2024-11-06 17:26:24,-2.66,-4.60,0.41,0.03,0.07,-0.00,in movimento
2024-11-06 17:26:24,-2.73,-4.26,0.25,0.00,0.00,-0.00,in movimento
2024-11-06 17:26:24,-2.45,-4.35,0.19,0.00,-0.03,-0.00,in movimento
2024-11-06 17:26:24,-2.38,-4.43,0.20,0.07,0.07,0.03,in movimento
2024-11-06 17:26:24,-2.57,-4.44,0.18,0.03,0.10,0.07,in movimento
2024-11-06 17:26:24,-2.61,-4.47,0.05,0.00,0.00,0.07,in movimento
2024-11-06 17:26:24,-2.59,-4.40,-0.00,-0.03,-0.17,0.10,in movimento
2024-11-06 17:26:24,-2.72,-4.27,0.14,-0.07,-0.27,0.17,in movimento
2024-11-06 17:26:24,-3.27,-3.50,0.60,-0.07,-0.37,0.23,in movimento
2024-11-06 17:26:24,-4.05,-2.71,1.43,-0.20,-0.43,0.23,in movimento
2024-11-06 17:26:24,-4.68,-2.22,2.53,-0.47,-0.53,0.20,in movimento
2024-11-06 17:26:24,-5.51,-1.06,3.58,-0.80,-0.53,0.10,in movimento
2024-11-06 17:26:24,-6.08,-0.57,4.84,-1.27,-0.47,-0.00,in movimento
2024-11-06 17:26:25,Stop,,,,,,
